ISO-10303-21;
HEADER;
/* Generated by software containing ST-Developer
 * from STEP Tools, Inc. (www.steptools.com) 
 */

FILE_DESCRIPTION(
/* description */ (''),
/* implementation_level */ '2;1');

FILE_NAME(
/* name */ 'BasePlate.stp',
/* time_stamp */ '2026-10-10T15:16:14+02:00',
/* author */ ('Richard'),
/* organization */ (''),
/* preprocessor_version */ 'ST-DEVELOPER v20.2',
/* originating_system */ 'Autodesk Inventor 2027',
/* authorisation */ '');

FILE_SCHEMA (('AUTOMOTIVE_DESIGN { 1 0 10303 214 3 1 1 }'));
ENDSEC;

DATA;
#10=MECHANICAL_DESIGN_GEOMETRIC_PRESENTATION_REPRESENTATION('',(#13),#4296);
#11=SHAPE_REPRESENTATION_RELATIONSHIP('SRR','None',#4303,#12);
#12=ADVANCED_BREP_SHAPE_REPRESENTATION('',(#14),#4295);
#13=STYLED_ITEM('',(#4312),#14);
#14=MANIFOLD_SOLID_BREP('floor',#2637);
#15=FACE_BOUND('',#305,.T.);
#16=FACE_BOUND('',#339,.T.);
#17=FACE_BOUND('',#342,.T.);
#18=FACE_BOUND('',#343,.T.);
#19=FACE_BOUND('',#344,.T.);
#20=FACE_BOUND('',#345,.T.);
#21=FACE_BOUND('',#346,.T.);
#22=FACE_BOUND('',#347,.T.);
#23=FACE_BOUND('',#348,.T.);
#24=FACE_BOUND('',#349,.T.);
#25=FACE_BOUND('',#350,.T.);
#26=FACE_BOUND('',#387,.T.);
#27=FACE_BOUND('',#442,.T.);
#28=FACE_BOUND('',#443,.T.);
#29=FACE_BOUND('',#444,.T.);
#30=FACE_BOUND('',#445,.T.);
#31=PLANE('',#2663);
#32=PLANE('',#2667);
#33=PLANE('',#2671);
#34=PLANE('',#2675);
#35=PLANE('',#2676);
#36=PLANE('',#2677);
#37=PLANE('',#2678);
#38=PLANE('',#2679);
#39=PLANE('',#2680);
#40=PLANE('',#2681);
#41=PLANE('',#2682);
#42=PLANE('',#2683);
#43=PLANE('',#2696);
#44=PLANE('',#2700);
#45=PLANE('',#2725);
#46=PLANE('',#2729);
#47=PLANE('',#2739);
#48=PLANE('',#2740);
#49=PLANE('',#2741);
#50=PLANE('',#2742);
#51=PLANE('',#2743);
#52=PLANE('',#2744);
#53=PLANE('',#2745);
#54=PLANE('',#2746);
#55=PLANE('',#2753);
#56=PLANE('',#2754);
#57=PLANE('',#2755);
#58=PLANE('',#2756);
#59=PLANE('',#2757);
#60=PLANE('',#2758);
#61=PLANE('',#2759);
#62=PLANE('',#2760);
#63=PLANE('',#2761);
#64=PLANE('',#2762);
#65=PLANE('',#2763);
#66=PLANE('',#2764);
#67=PLANE('',#2765);
#68=PLANE('',#2766);
#69=PLANE('',#2767);
#70=PLANE('',#2768);
#71=PLANE('',#2769);
#72=PLANE('',#2770);
#73=PLANE('',#2771);
#74=PLANE('',#2772);
#75=PLANE('',#2773);
#76=PLANE('',#2774);
#77=PLANE('',#2775);
#78=PLANE('',#2776);
#79=PLANE('',#2777);
#80=PLANE('',#2778);
#81=PLANE('',#2779);
#82=PLANE('',#2780);
#83=PLANE('',#2781);
#84=PLANE('',#2782);
#85=PLANE('',#2783);
#86=PLANE('',#2784);
#87=PLANE('',#2785);
#88=PLANE('',#2786);
#89=PLANE('',#2787);
#90=PLANE('',#2788);
#91=PLANE('',#2789);
#92=PLANE('',#2790);
#93=PLANE('',#2791);
#94=PLANE('',#2792);
#95=PLANE('',#2793);
#96=PLANE('',#2794);
#97=PLANE('',#2795);
#98=PLANE('',#2796);
#99=PLANE('',#2797);
#100=PLANE('',#2798);
#101=PLANE('',#2799);
#102=PLANE('',#2800);
#103=PLANE('',#2801);
#104=PLANE('',#2802);
#105=PLANE('',#2803);
#106=PLANE('',#2804);
#107=PLANE('',#2805);
#108=PLANE('',#2806);
#109=PLANE('',#2807);
#110=PLANE('',#2808);
#111=PLANE('',#2809);
#112=PLANE('',#2810);
#113=PLANE('',#2811);
#114=PLANE('',#2812);
#115=PLANE('',#2813);
#116=PLANE('',#2814);
#117=PLANE('',#2815);
#118=PLANE('',#2816);
#119=PLANE('',#2817);
#120=PLANE('',#2818);
#121=PLANE('',#2819);
#122=PLANE('',#2820);
#123=PLANE('',#2821);
#124=PLANE('',#2822);
#125=PLANE('',#2823);
#126=PLANE('',#2824);
#127=PLANE('',#2825);
#128=PLANE('',#2826);
#129=PLANE('',#2827);
#130=PLANE('',#2828);
#131=PLANE('',#2829);
#132=PLANE('',#2830);
#133=PLANE('',#2831);
#134=PLANE('',#2832);
#135=PLANE('',#2833);
#136=PLANE('',#2834);
#137=PLANE('',#2835);
#138=PLANE('',#2836);
#139=PLANE('',#2837);
#140=PLANE('',#2838);
#141=PLANE('',#2839);
#142=PLANE('',#2840);
#143=PLANE('',#2841);
#144=PLANE('',#2842);
#145=PLANE('',#2843);
#146=PLANE('',#2844);
#147=PLANE('',#2845);
#148=PLANE('',#2846);
#149=FACE_OUTER_BOUND('',#290,.T.);
#150=FACE_OUTER_BOUND('',#291,.T.);
#151=FACE_OUTER_BOUND('',#292,.T.);
#152=FACE_OUTER_BOUND('',#293,.T.);
#153=FACE_OUTER_BOUND('',#294,.T.);
#154=FACE_OUTER_BOUND('',#295,.T.);
#155=FACE_OUTER_BOUND('',#296,.T.);
#156=FACE_OUTER_BOUND('',#297,.T.);
#157=FACE_OUTER_BOUND('',#298,.T.);
#158=FACE_OUTER_BOUND('',#299,.T.);
#159=FACE_OUTER_BOUND('',#300,.T.);
#160=FACE_OUTER_BOUND('',#301,.T.);
#161=FACE_OUTER_BOUND('',#302,.T.);
#162=FACE_OUTER_BOUND('',#303,.T.);
#163=FACE_OUTER_BOUND('',#304,.T.);
#164=FACE_OUTER_BOUND('',#306,.T.);
#165=FACE_OUTER_BOUND('',#307,.T.);
#166=FACE_OUTER_BOUND('',#308,.T.);
#167=FACE_OUTER_BOUND('',#309,.T.);
#168=FACE_OUTER_BOUND('',#310,.T.);
#169=FACE_OUTER_BOUND('',#311,.T.);
#170=FACE_OUTER_BOUND('',#312,.T.);
#171=FACE_OUTER_BOUND('',#313,.T.);
#172=FACE_OUTER_BOUND('',#314,.T.);
#173=FACE_OUTER_BOUND('',#315,.T.);
#174=FACE_OUTER_BOUND('',#316,.T.);
#175=FACE_OUTER_BOUND('',#317,.T.);
#176=FACE_OUTER_BOUND('',#318,.T.);
#177=FACE_OUTER_BOUND('',#319,.T.);
#178=FACE_OUTER_BOUND('',#320,.T.);
#179=FACE_OUTER_BOUND('',#321,.T.);
#180=FACE_OUTER_BOUND('',#322,.T.);
#181=FACE_OUTER_BOUND('',#323,.T.);
#182=FACE_OUTER_BOUND('',#324,.T.);
#183=FACE_OUTER_BOUND('',#325,.T.);
#184=FACE_OUTER_BOUND('',#326,.T.);
#185=FACE_OUTER_BOUND('',#327,.T.);
#186=FACE_OUTER_BOUND('',#328,.T.);
#187=FACE_OUTER_BOUND('',#329,.T.);
#188=FACE_OUTER_BOUND('',#330,.T.);
#189=FACE_OUTER_BOUND('',#331,.T.);
#190=FACE_OUTER_BOUND('',#332,.T.);
#191=FACE_OUTER_BOUND('',#333,.T.);
#192=FACE_OUTER_BOUND('',#334,.T.);
#193=FACE_OUTER_BOUND('',#335,.T.);
#194=FACE_OUTER_BOUND('',#336,.T.);
#195=FACE_OUTER_BOUND('',#337,.T.);
#196=FACE_OUTER_BOUND('',#338,.T.);
#197=FACE_OUTER_BOUND('',#340,.T.);
#198=FACE_OUTER_BOUND('',#341,.T.);
#199=FACE_OUTER_BOUND('',#351,.T.);
#200=FACE_OUTER_BOUND('',#352,.T.);
#201=FACE_OUTER_BOUND('',#353,.T.);
#202=FACE_OUTER_BOUND('',#354,.T.);
#203=FACE_OUTER_BOUND('',#355,.T.);
#204=FACE_OUTER_BOUND('',#356,.T.);
#205=FACE_OUTER_BOUND('',#357,.T.);
#206=FACE_OUTER_BOUND('',#358,.T.);
#207=FACE_OUTER_BOUND('',#359,.T.);
#208=FACE_OUTER_BOUND('',#360,.T.);
#209=FACE_OUTER_BOUND('',#361,.T.);
#210=FACE_OUTER_BOUND('',#362,.T.);
#211=FACE_OUTER_BOUND('',#363,.T.);
#212=FACE_OUTER_BOUND('',#364,.T.);
#213=FACE_OUTER_BOUND('',#365,.T.);
#214=FACE_OUTER_BOUND('',#366,.T.);
#215=FACE_OUTER_BOUND('',#367,.T.);
#216=FACE_OUTER_BOUND('',#368,.T.);
#217=FACE_OUTER_BOUND('',#369,.T.);
#218=FACE_OUTER_BOUND('',#370,.T.);
#219=FACE_OUTER_BOUND('',#371,.T.);
#220=FACE_OUTER_BOUND('',#372,.T.);
#221=FACE_OUTER_BOUND('',#373,.T.);
#222=FACE_OUTER_BOUND('',#374,.T.);
#223=FACE_OUTER_BOUND('',#375,.T.);
#224=FACE_OUTER_BOUND('',#376,.T.);
#225=FACE_OUTER_BOUND('',#377,.T.);
#226=FACE_OUTER_BOUND('',#378,.T.);
#227=FACE_OUTER_BOUND('',#379,.T.);
#228=FACE_OUTER_BOUND('',#380,.T.);
#229=FACE_OUTER_BOUND('',#381,.T.);
#230=FACE_OUTER_BOUND('',#382,.T.);
#231=FACE_OUTER_BOUND('',#383,.T.);
#232=FACE_OUTER_BOUND('',#384,.T.);
#233=FACE_OUTER_BOUND('',#385,.T.);
#234=FACE_OUTER_BOUND('',#386,.T.);
#235=FACE_OUTER_BOUND('',#388,.T.);
#236=FACE_OUTER_BOUND('',#389,.T.);
#237=FACE_OUTER_BOUND('',#390,.T.);
#238=FACE_OUTER_BOUND('',#391,.T.);
#239=FACE_OUTER_BOUND('',#392,.T.);
#240=FACE_OUTER_BOUND('',#393,.T.);
#241=FACE_OUTER_BOUND('',#394,.T.);
#242=FACE_OUTER_BOUND('',#395,.T.);
#243=FACE_OUTER_BOUND('',#396,.T.);
#244=FACE_OUTER_BOUND('',#397,.T.);
#245=FACE_OUTER_BOUND('',#398,.T.);
#246=FACE_OUTER_BOUND('',#399,.T.);
#247=FACE_OUTER_BOUND('',#400,.T.);
#248=FACE_OUTER_BOUND('',#401,.T.);
#249=FACE_OUTER_BOUND('',#402,.T.);
#250=FACE_OUTER_BOUND('',#403,.T.);
#251=FACE_OUTER_BOUND('',#404,.T.);
#252=FACE_OUTER_BOUND('',#405,.T.);
#253=FACE_OUTER_BOUND('',#406,.T.);
#254=FACE_OUTER_BOUND('',#407,.T.);
#255=FACE_OUTER_BOUND('',#408,.T.);
#256=FACE_OUTER_BOUND('',#409,.T.);
#257=FACE_OUTER_BOUND('',#410,.T.);
#258=FACE_OUTER_BOUND('',#411,.T.);
#259=FACE_OUTER_BOUND('',#412,.T.);
#260=FACE_OUTER_BOUND('',#413,.T.);
#261=FACE_OUTER_BOUND('',#414,.T.);
#262=FACE_OUTER_BOUND('',#415,.T.);
#263=FACE_OUTER_BOUND('',#416,.T.);
#264=FACE_OUTER_BOUND('',#417,.T.);
#265=FACE_OUTER_BOUND('',#418,.T.);
#266=FACE_OUTER_BOUND('',#419,.T.);
#267=FACE_OUTER_BOUND('',#420,.T.);
#268=FACE_OUTER_BOUND('',#421,.T.);
#269=FACE_OUTER_BOUND('',#422,.T.);
#270=FACE_OUTER_BOUND('',#423,.T.);
#271=FACE_OUTER_BOUND('',#424,.T.);
#272=FACE_OUTER_BOUND('',#425,.T.);
#273=FACE_OUTER_BOUND('',#426,.T.);
#274=FACE_OUTER_BOUND('',#427,.T.);
#275=FACE_OUTER_BOUND('',#428,.T.);
#276=FACE_OUTER_BOUND('',#429,.T.);
#277=FACE_OUTER_BOUND('',#430,.T.);
#278=FACE_OUTER_BOUND('',#431,.T.);
#279=FACE_OUTER_BOUND('',#432,.T.);
#280=FACE_OUTER_BOUND('',#433,.T.);
#281=FACE_OUTER_BOUND('',#434,.T.);
#282=FACE_OUTER_BOUND('',#435,.T.);
#283=FACE_OUTER_BOUND('',#436,.T.);
#284=FACE_OUTER_BOUND('',#437,.T.);
#285=FACE_OUTER_BOUND('',#438,.T.);
#286=FACE_OUTER_BOUND('',#439,.T.);
#287=FACE_OUTER_BOUND('',#440,.T.);
#288=FACE_OUTER_BOUND('',#441,.T.);
#289=FACE_OUTER_BOUND('',#446,.T.);
#290=EDGE_LOOP('',(#1741,#1742,#1743,#1744));
#291=EDGE_LOOP('',(#1745));
#292=EDGE_LOOP('',(#1746,#1747,#1748,#1749));
#293=EDGE_LOOP('',(#1750));
#294=EDGE_LOOP('',(#1751,#1752,#1753,#1754));
#295=EDGE_LOOP('',(#1755));
#296=EDGE_LOOP('',(#1756,#1757,#1758,#1759));
#297=EDGE_LOOP('',(#1760));
#298=EDGE_LOOP('',(#1761,#1762,#1763,#1764));
#299=EDGE_LOOP('',(#1765,#1766,#1767,#1768));
#300=EDGE_LOOP('',(#1769,#1770,#1771,#1772));
#301=EDGE_LOOP('',(#1773,#1774,#1775,#1776));
#302=EDGE_LOOP('',(#1777,#1778,#1779,#1780));
#303=EDGE_LOOP('',(#1781,#1782,#1783,#1784,#1785,#1786,#1787,#1788));
#304=EDGE_LOOP('',(#1789,#1790,#1791,#1792,#1793,#1794,#1795,#1796));
#305=EDGE_LOOP('',(#1797,#1798,#1799,#1800));
#306=EDGE_LOOP('',(#1801,#1802,#1803,#1804));
#307=EDGE_LOOP('',(#1805,#1806,#1807,#1808));
#308=EDGE_LOOP('',(#1809,#1810,#1811,#1812));
#309=EDGE_LOOP('',(#1813,#1814,#1815,#1816));
#310=EDGE_LOOP('',(#1817,#1818,#1819,#1820));
#311=EDGE_LOOP('',(#1821,#1822,#1823,#1824));
#312=EDGE_LOOP('',(#1825,#1826,#1827,#1828));
#313=EDGE_LOOP('',(#1829,#1830,#1831,#1832));
#314=EDGE_LOOP('',(#1833,#1834,#1835,#1836));
#315=EDGE_LOOP('',(#1837,#1838,#1839,#1840));
#316=EDGE_LOOP('',(#1841,#1842,#1843,#1844));
#317=EDGE_LOOP('',(#1845,#1846,#1847,#1848));
#318=EDGE_LOOP('',(#1849,#1850,#1851,#1852));
#319=EDGE_LOOP('',(#1853,#1854,#1855,#1856));
#320=EDGE_LOOP('',(#1857,#1858,#1859,#1860));
#321=EDGE_LOOP('',(#1861,#1862,#1863,#1864));
#322=EDGE_LOOP('',(#1865,#1866,#1867,#1868));
#323=EDGE_LOOP('',(#1869,#1870,#1871,#1872));
#324=EDGE_LOOP('',(#1873,#1874,#1875,#1876));
#325=EDGE_LOOP('',(#1877,#1878,#1879,#1880));
#326=EDGE_LOOP('',(#1881,#1882,#1883,#1884));
#327=EDGE_LOOP('',(#1885,#1886,#1887,#1888));
#328=EDGE_LOOP('',(#1889,#1890,#1891,#1892));
#329=EDGE_LOOP('',(#1893,#1894,#1895,#1896));
#330=EDGE_LOOP('',(#1897,#1898,#1899,#1900));
#331=EDGE_LOOP('',(#1901,#1902,#1903,#1904));
#332=EDGE_LOOP('',(#1905,#1906,#1907,#1908));
#333=EDGE_LOOP('',(#1909,#1910,#1911,#1912));
#334=EDGE_LOOP('',(#1913,#1914,#1915,#1916));
#335=EDGE_LOOP('',(#1917,#1918,#1919,#1920));
#336=EDGE_LOOP('',(#1921,#1922,#1923,#1924));
#337=EDGE_LOOP('',(#1925,#1926,#1927,#1928));
#338=EDGE_LOOP('',(#1929,#1930,#1931,#1932,#1933,#1934,#1935,#1936,#1937,
#1938,#1939,#1940,#1941,#1942,#1943,#1944,#1945,#1946));
#339=EDGE_LOOP('',(#1947,#1948,#1949,#1950,#1951,#1952,#1953,#1954,#1955,
#1956,#1957,#1958,#1959,#1960));
#340=EDGE_LOOP('',(#1961,#1962,#1963,#1964,#1965));
#341=EDGE_LOOP('',(#1966,#1967,#1968,#1969));
#342=EDGE_LOOP('',(#1970,#1971,#1972,#1973,#1974,#1975));
#343=EDGE_LOOP('',(#1976,#1977,#1978,#1979,#1980,#1981,#1982,#1983,#1984,
#1985));
#344=EDGE_LOOP('',(#1986,#1987,#1988,#1989));
#345=EDGE_LOOP('',(#1990,#1991,#1992,#1993,#1994,#1995,#1996,#1997));
#346=EDGE_LOOP('',(#1998,#1999,#2000,#2001,#2002,#2003,#2004,#2005,#2006,
#2007));
#347=EDGE_LOOP('',(#2008,#2009,#2010,#2011,#2012,#2013,#2014,#2015,#2016,
#2017,#2018,#2019));
#348=EDGE_LOOP('',(#2020,#2021,#2022,#2023,#2024,#2025));
#349=EDGE_LOOP('',(#2026,#2027,#2028,#2029,#2030,#2031,#2032,#2033,#2034,
#2035,#2036,#2037));
#350=EDGE_LOOP('',(#2038,#2039,#2040,#2041,#2042,#2043,#2044,#2045,#2046,
#2047,#2048,#2049,#2050,#2051,#2052,#2053,#2054,#2055));
#351=EDGE_LOOP('',(#2056,#2057,#2058,#2059));
#352=EDGE_LOOP('',(#2060,#2061,#2062,#2063));
#353=EDGE_LOOP('',(#2064,#2065,#2066,#2067));
#354=EDGE_LOOP('',(#2068,#2069,#2070,#2071));
#355=EDGE_LOOP('',(#2072,#2073,#2074,#2075));
#356=EDGE_LOOP('',(#2076,#2077,#2078,#2079));
#357=EDGE_LOOP('',(#2080,#2081,#2082,#2083,#2084,#2085));
#358=EDGE_LOOP('',(#2086,#2087,#2088,#2089));
#359=EDGE_LOOP('',(#2090,#2091,#2092,#2093));
#360=EDGE_LOOP('',(#2094,#2095,#2096,#2097));
#361=EDGE_LOOP('',(#2098,#2099,#2100,#2101));
#362=EDGE_LOOP('',(#2102,#2103,#2104,#2105));
#363=EDGE_LOOP('',(#2106,#2107,#2108,#2109));
#364=EDGE_LOOP('',(#2110,#2111,#2112,#2113));
#365=EDGE_LOOP('',(#2114,#2115,#2116,#2117));
#366=EDGE_LOOP('',(#2118,#2119,#2120,#2121));
#367=EDGE_LOOP('',(#2122,#2123,#2124,#2125));
#368=EDGE_LOOP('',(#2126,#2127,#2128,#2129,#2130,#2131,#2132,#2133,#2134,
#2135));
#369=EDGE_LOOP('',(#2136,#2137,#2138,#2139));
#370=EDGE_LOOP('',(#2140,#2141,#2142,#2143));
#371=EDGE_LOOP('',(#2144,#2145,#2146,#2147));
#372=EDGE_LOOP('',(#2148,#2149,#2150,#2151));
#373=EDGE_LOOP('',(#2152,#2153,#2154,#2155));
#374=EDGE_LOOP('',(#2156,#2157,#2158,#2159));
#375=EDGE_LOOP('',(#2160,#2161,#2162,#2163));
#376=EDGE_LOOP('',(#2164,#2165,#2166,#2167));
#377=EDGE_LOOP('',(#2168,#2169,#2170,#2171));
#378=EDGE_LOOP('',(#2172,#2173,#2174,#2175));
#379=EDGE_LOOP('',(#2176,#2177,#2178,#2179));
#380=EDGE_LOOP('',(#2180,#2181,#2182,#2183));
#381=EDGE_LOOP('',(#2184,#2185,#2186,#2187));
#382=EDGE_LOOP('',(#2188,#2189,#2190,#2191));
#383=EDGE_LOOP('',(#2192,#2193,#2194,#2195));
#384=EDGE_LOOP('',(#2196,#2197,#2198,#2199));
#385=EDGE_LOOP('',(#2200,#2201,#2202,#2203));
#386=EDGE_LOOP('',(#2204,#2205,#2206,#2207,#2208,#2209,#2210,#2211));
#387=EDGE_LOOP('',(#2212,#2213,#2214,#2215));
#388=EDGE_LOOP('',(#2216,#2217,#2218,#2219));
#389=EDGE_LOOP('',(#2220,#2221,#2222,#2223));
#390=EDGE_LOOP('',(#2224,#2225,#2226,#2227));
#391=EDGE_LOOP('',(#2228,#2229,#2230,#2231));
#392=EDGE_LOOP('',(#2232,#2233,#2234,#2235));
#393=EDGE_LOOP('',(#2236,#2237,#2238,#2239));
#394=EDGE_LOOP('',(#2240,#2241,#2242,#2243));
#395=EDGE_LOOP('',(#2244,#2245,#2246,#2247));
#396=EDGE_LOOP('',(#2248,#2249,#2250,#2251));
#397=EDGE_LOOP('',(#2252,#2253,#2254,#2255));
#398=EDGE_LOOP('',(#2256,#2257,#2258,#2259,#2260,#2261,#2262,#2263,#2264,
#2265));
#399=EDGE_LOOP('',(#2266,#2267,#2268,#2269));
#400=EDGE_LOOP('',(#2270,#2271,#2272,#2273));
#401=EDGE_LOOP('',(#2274,#2275,#2276,#2277));
#402=EDGE_LOOP('',(#2278,#2279,#2280,#2281));
#403=EDGE_LOOP('',(#2282,#2283,#2284,#2285));
#404=EDGE_LOOP('',(#2286,#2287,#2288,#2289));
#405=EDGE_LOOP('',(#2290,#2291,#2292,#2293));
#406=EDGE_LOOP('',(#2294,#2295,#2296,#2297));
#407=EDGE_LOOP('',(#2298,#2299,#2300,#2301));
#408=EDGE_LOOP('',(#2302,#2303,#2304,#2305));
#409=EDGE_LOOP('',(#2306,#2307,#2308,#2309));
#410=EDGE_LOOP('',(#2310,#2311,#2312,#2313));
#411=EDGE_LOOP('',(#2314,#2315,#2316,#2317,#2318,#2319,#2320,#2321,#2322,
#2323,#2324,#2325));
#412=EDGE_LOOP('',(#2326,#2327,#2328,#2329));
#413=EDGE_LOOP('',(#2330,#2331,#2332,#2333));
#414=EDGE_LOOP('',(#2334,#2335,#2336,#2337));
#415=EDGE_LOOP('',(#2338,#2339,#2340,#2341));
#416=EDGE_LOOP('',(#2342,#2343,#2344,#2345));
#417=EDGE_LOOP('',(#2346,#2347,#2348,#2349));
#418=EDGE_LOOP('',(#2350,#2351,#2352,#2353,#2354,#2355));
#419=EDGE_LOOP('',(#2356,#2357,#2358,#2359));
#420=EDGE_LOOP('',(#2360,#2361,#2362,#2363));
#421=EDGE_LOOP('',(#2364,#2365,#2366,#2367));
#422=EDGE_LOOP('',(#2368,#2369,#2370,#2371));
#423=EDGE_LOOP('',(#2372,#2373,#2374,#2375));
#424=EDGE_LOOP('',(#2376,#2377,#2378,#2379));
#425=EDGE_LOOP('',(#2380,#2381,#2382,#2383));
#426=EDGE_LOOP('',(#2384,#2385,#2386,#2387));
#427=EDGE_LOOP('',(#2388,#2389,#2390,#2391));
#428=EDGE_LOOP('',(#2392,#2393,#2394,#2395));
#429=EDGE_LOOP('',(#2396,#2397,#2398,#2399));
#430=EDGE_LOOP('',(#2400,#2401,#2402,#2403));
#431=EDGE_LOOP('',(#2404,#2405,#2406,#2407,#2408,#2409,#2410,#2411,#2412,
#2413,#2414,#2415));
#432=EDGE_LOOP('',(#2416,#2417,#2418,#2419,#2420,#2421,#2422,#2423,#2424));
#433=EDGE_LOOP('',(#2425,#2426,#2427,#2428));
#434=EDGE_LOOP('',(#2429,#2430,#2431,#2432));
#435=EDGE_LOOP('',(#2433,#2434,#2435,#2436));
#436=EDGE_LOOP('',(#2437,#2438,#2439,#2440));
#437=EDGE_LOOP('',(#2441,#2442,#2443,#2444,#2445,#2446));
#438=EDGE_LOOP('',(#2447,#2448,#2449,#2450));
#439=EDGE_LOOP('',(#2451,#2452,#2453,#2454,#2455,#2456));
#440=EDGE_LOOP('',(#2457,#2458,#2459,#2460));
#441=EDGE_LOOP('',(#2461,#2462,#2463,#2464));
#442=EDGE_LOOP('',(#2465));
#443=EDGE_LOOP('',(#2466));
#444=EDGE_LOOP('',(#2467));
#445=EDGE_LOOP('',(#2468));
#446=EDGE_LOOP('',(#2469,#2470,#2471,#2472));
#447=LINE('',#3548,#767);
#448=LINE('',#3555,#768);
#449=LINE('',#3562,#769);
#450=LINE('',#3569,#770);
#451=LINE('',#3575,#771);
#452=LINE('',#3577,#772);
#453=LINE('',#3579,#773);
#454=LINE('',#3580,#774);
#455=LINE('',#3583,#775);
#456=LINE('',#3585,#776);
#457=LINE('',#3586,#777);
#458=LINE('',#3590,#778);
#459=LINE('',#3592,#779);
#460=LINE('',#3594,#780);
#461=LINE('',#3595,#781);
#462=LINE('',#3598,#782);
#463=LINE('',#3600,#783);
#464=LINE('',#3601,#784);
#465=LINE('',#3603,#785);
#466=LINE('',#3604,#786);
#467=LINE('',#3607,#787);
#468=LINE('',#3609,#788);
#469=LINE('',#3610,#789);
#470=LINE('',#3613,#790);
#471=LINE('',#3615,#791);
#472=LINE('',#3616,#792);
#473=LINE('',#3619,#793);
#474=LINE('',#3621,#794);
#475=LINE('',#3623,#795);
#476=LINE('',#3624,#796);
#477=LINE('',#3628,#797);
#478=LINE('',#3630,#798);
#479=LINE('',#3632,#799);
#480=LINE('',#3633,#800);
#481=LINE('',#3638,#801);
#482=LINE('',#3640,#802);
#483=LINE('',#3645,#803);
#484=LINE('',#3651,#804);
#485=LINE('',#3657,#805);
#486=LINE('',#3660,#806);
#487=LINE('',#3661,#807);
#488=LINE('',#3666,#808);
#489=LINE('',#3670,#809);
#490=LINE('',#3672,#810);
#491=LINE('',#3673,#811);
#492=LINE('',#3678,#812);
#493=LINE('',#3684,#813);
#494=LINE('',#3690,#814);
#495=LINE('',#3696,#815);
#496=LINE('',#3702,#816);
#497=LINE('',#3712,#817);
#498=LINE('',#3715,#818);
#499=LINE('',#3720,#819);
#500=LINE('',#3724,#820);
#501=LINE('',#3726,#821);
#502=LINE('',#3727,#822);
#503=LINE('',#3732,#823);
#504=LINE('',#3736,#824);
#505=LINE('',#3738,#825);
#506=LINE('',#3739,#826);
#507=LINE('',#3744,#827);
#508=LINE('',#3750,#828);
#509=LINE('',#3756,#829);
#510=LINE('',#3760,#830);
#511=LINE('',#3762,#831);
#512=LINE('',#3763,#832);
#513=LINE('',#3766,#833);
#514=LINE('',#3768,#834);
#515=LINE('',#3769,#835);
#516=LINE('',#3772,#836);
#517=LINE('',#3774,#837);
#518=LINE('',#3775,#838);
#519=LINE('',#3778,#839);
#520=LINE('',#3780,#840);
#521=LINE('',#3781,#841);
#522=LINE('',#3784,#842);
#523=LINE('',#3786,#843);
#524=LINE('',#3787,#844);
#525=LINE('',#3790,#845);
#526=LINE('',#3792,#846);
#527=LINE('',#3793,#847);
#528=LINE('',#3796,#848);
#529=LINE('',#3798,#849);
#530=LINE('',#3799,#850);
#531=LINE('',#3802,#851);
#532=LINE('',#3804,#852);
#533=LINE('',#3805,#853);
#534=LINE('',#3810,#854);
#535=LINE('',#3820,#855);
#536=LINE('',#3821,#856);
#537=LINE('',#3822,#857);
#538=LINE('',#3825,#858);
#539=LINE('',#3827,#859);
#540=LINE('',#3829,#860);
#541=LINE('',#3831,#861);
#542=LINE('',#3833,#862);
#543=LINE('',#3834,#863);
#544=LINE('',#3837,#864);
#545=LINE('',#3839,#865);
#546=LINE('',#3841,#866);
#547=LINE('',#3843,#867);
#548=LINE('',#3845,#868);
#549=LINE('',#3847,#869);
#550=LINE('',#3849,#870);
#551=LINE('',#3851,#871);
#552=LINE('',#3853,#872);
#553=LINE('',#3854,#873);
#554=LINE('',#3857,#874);
#555=LINE('',#3859,#875);
#556=LINE('',#3861,#876);
#557=LINE('',#3862,#877);
#558=LINE('',#3865,#878);
#559=LINE('',#3867,#879);
#560=LINE('',#3869,#880);
#561=LINE('',#3871,#881);
#562=LINE('',#3873,#882);
#563=LINE('',#3875,#883);
#564=LINE('',#3877,#884);
#565=LINE('',#3878,#885);
#566=LINE('',#3881,#886);
#567=LINE('',#3883,#887);
#568=LINE('',#3885,#888);
#569=LINE('',#3887,#889);
#570=LINE('',#3889,#890);
#571=LINE('',#3891,#891);
#572=LINE('',#3893,#892);
#573=LINE('',#3895,#893);
#574=LINE('',#3897,#894);
#575=LINE('',#3898,#895);
#576=LINE('',#3901,#896);
#577=LINE('',#3903,#897);
#578=LINE('',#3905,#898);
#579=LINE('',#3907,#899);
#580=LINE('',#3909,#900);
#581=LINE('',#3911,#901);
#582=LINE('',#3913,#902);
#583=LINE('',#3915,#903);
#584=LINE('',#3917,#904);
#585=LINE('',#3919,#905);
#586=LINE('',#3921,#906);
#587=LINE('',#3922,#907);
#588=LINE('',#3925,#908);
#589=LINE('',#3927,#909);
#590=LINE('',#3929,#910);
#591=LINE('',#3931,#911);
#592=LINE('',#3933,#912);
#593=LINE('',#3934,#913);
#594=LINE('',#3937,#914);
#595=LINE('',#3939,#915);
#596=LINE('',#3941,#916);
#597=LINE('',#3943,#917);
#598=LINE('',#3945,#918);
#599=LINE('',#3947,#919);
#600=LINE('',#3949,#920);
#601=LINE('',#3951,#921);
#602=LINE('',#3953,#922);
#603=LINE('',#3955,#923);
#604=LINE('',#3957,#924);
#605=LINE('',#3958,#925);
#606=LINE('',#3961,#926);
#607=LINE('',#3963,#927);
#608=LINE('',#3964,#928);
#609=LINE('',#3967,#929);
#610=LINE('',#3968,#930);
#611=LINE('',#3971,#931);
#612=LINE('',#3972,#932);
#613=LINE('',#3975,#933);
#614=LINE('',#3976,#934);
#615=LINE('',#3979,#935);
#616=LINE('',#3980,#936);
#617=LINE('',#3982,#937);
#618=LINE('',#3986,#938);
#619=LINE('',#3988,#939);
#620=LINE('',#3989,#940);
#621=LINE('',#3992,#941);
#622=LINE('',#3993,#942);
#623=LINE('',#3996,#943);
#624=LINE('',#3997,#944);
#625=LINE('',#4000,#945);
#626=LINE('',#4001,#946);
#627=LINE('',#4004,#947);
#628=LINE('',#4005,#948);
#629=LINE('',#4008,#949);
#630=LINE('',#4009,#950);
#631=LINE('',#4012,#951);
#632=LINE('',#4013,#952);
#633=LINE('',#4016,#953);
#634=LINE('',#4017,#954);
#635=LINE('',#4020,#955);
#636=LINE('',#4021,#956);
#637=LINE('',#4023,#957);
#638=LINE('',#4027,#958);
#639=LINE('',#4029,#959);
#640=LINE('',#4030,#960);
#641=LINE('',#4033,#961);
#642=LINE('',#4034,#962);
#643=LINE('',#4037,#963);
#644=LINE('',#4038,#964);
#645=LINE('',#4040,#965);
#646=LINE('',#4045,#966);
#647=LINE('',#4047,#967);
#648=LINE('',#4049,#968);
#649=LINE('',#4050,#969);
#650=LINE('',#4053,#970);
#651=LINE('',#4055,#971);
#652=LINE('',#4056,#972);
#653=LINE('',#4059,#973);
#654=LINE('',#4061,#974);
#655=LINE('',#4062,#975);
#656=LINE('',#4064,#976);
#657=LINE('',#4065,#977);
#658=LINE('',#4068,#978);
#659=LINE('',#4070,#979);
#660=LINE('',#4071,#980);
#661=LINE('',#4074,#981);
#662=LINE('',#4075,#982);
#663=LINE('',#4078,#983);
#664=LINE('',#4079,#984);
#665=LINE('',#4082,#985);
#666=LINE('',#4083,#986);
#667=LINE('',#4086,#987);
#668=LINE('',#4087,#988);
#669=LINE('',#4090,#989);
#670=LINE('',#4091,#990);
#671=LINE('',#4094,#991);
#672=LINE('',#4095,#992);
#673=LINE('',#4097,#993);
#674=LINE('',#4101,#994);
#675=LINE('',#4103,#995);
#676=LINE('',#4104,#996);
#677=LINE('',#4107,#997);
#678=LINE('',#4108,#998);
#679=LINE('',#4111,#999);
#680=LINE('',#4112,#1000);
#681=LINE('',#4115,#1001);
#682=LINE('',#4116,#1002);
#683=LINE('',#4119,#1003);
#684=LINE('',#4120,#1004);
#685=LINE('',#4123,#1005);
#686=LINE('',#4124,#1006);
#687=LINE('',#4127,#1007);
#688=LINE('',#4128,#1008);
#689=LINE('',#4131,#1009);
#690=LINE('',#4132,#1010);
#691=LINE('',#4135,#1011);
#692=LINE('',#4136,#1012);
#693=LINE('',#4138,#1013);
#694=LINE('',#4142,#1014);
#695=LINE('',#4144,#1015);
#696=LINE('',#4145,#1016);
#697=LINE('',#4148,#1017);
#698=LINE('',#4149,#1018);
#699=LINE('',#4152,#1019);
#700=LINE('',#4153,#1020);
#701=LINE('',#4156,#1021);
#702=LINE('',#4157,#1022);
#703=LINE('',#4160,#1023);
#704=LINE('',#4161,#1024);
#705=LINE('',#4164,#1025);
#706=LINE('',#4165,#1026);
#707=LINE('',#4168,#1027);
#708=LINE('',#4169,#1028);
#709=LINE('',#4172,#1029);
#710=LINE('',#4173,#1030);
#711=LINE('',#4176,#1031);
#712=LINE('',#4177,#1032);
#713=LINE('',#4180,#1033);
#714=LINE('',#4181,#1034);
#715=LINE('',#4184,#1035);
#716=LINE('',#4185,#1036);
#717=LINE('',#4187,#1037);
#718=LINE('',#4191,#1038);
#719=LINE('',#4193,#1039);
#720=LINE('',#4194,#1040);
#721=LINE('',#4197,#1041);
#722=LINE('',#4198,#1042);
#723=LINE('',#4201,#1043);
#724=LINE('',#4202,#1044);
#725=LINE('',#4205,#1045);
#726=LINE('',#4206,#1046);
#727=LINE('',#4209,#1047);
#728=LINE('',#4210,#1048);
#729=LINE('',#4212,#1049);
#730=LINE('',#4216,#1050);
#731=LINE('',#4218,#1051);
#732=LINE('',#4219,#1052);
#733=LINE('',#4222,#1053);
#734=LINE('',#4223,#1054);
#735=LINE('',#4226,#1055);
#736=LINE('',#4227,#1056);
#737=LINE('',#4230,#1057);
#738=LINE('',#4231,#1058);
#739=LINE('',#4234,#1059);
#740=LINE('',#4235,#1060);
#741=LINE('',#4238,#1061);
#742=LINE('',#4239,#1062);
#743=LINE('',#4242,#1063);
#744=LINE('',#4243,#1064);
#745=LINE('',#4246,#1065);
#746=LINE('',#4247,#1066);
#747=LINE('',#4250,#1067);
#748=LINE('',#4251,#1068);
#749=LINE('',#4254,#1069);
#750=LINE('',#4255,#1070);
#751=LINE('',#4258,#1071);
#752=LINE('',#4259,#1072);
#753=LINE('',#4261,#1073);
#754=LINE('',#4267,#1074);
#755=LINE('',#4268,#1075);
#756=LINE('',#4269,#1076);
#757=LINE('',#4272,#1077);
#758=LINE('',#4273,#1078);
#759=LINE('',#4276,#1079);
#760=LINE('',#4277,#1080);
#761=LINE('',#4279,#1081);
#762=LINE('',#4282,#1082);
#763=LINE('',#4283,#1083);
#764=LINE('',#4286,#1084);
#765=LINE('',#4287,#1085);
#766=LINE('',#4289,#1086);
#767=VECTOR('',#2853,1.6);
#768=VECTOR('',#2862,1.6);
#769=VECTOR('',#2871,1.6);
#770=VECTOR('',#2880,1.6);
#771=VECTOR('',#2887,10.);
#772=VECTOR('',#2888,10.);
#773=VECTOR('',#2889,10.);
#774=VECTOR('',#2890,10.);
#775=VECTOR('',#2893,10.);
#776=VECTOR('',#2894,10.);
#777=VECTOR('',#2895,10.);
#778=VECTOR('',#2898,10.);
#779=VECTOR('',#2899,10.);
#780=VECTOR('',#2900,10.);
#781=VECTOR('',#2901,10.);
#782=VECTOR('',#2904,10.);
#783=VECTOR('',#2905,10.);
#784=VECTOR('',#2906,10.);
#785=VECTOR('',#2909,10.);
#786=VECTOR('',#2910,10.);
#787=VECTOR('',#2913,10.);
#788=VECTOR('',#2914,10.);
#789=VECTOR('',#2915,10.);
#790=VECTOR('',#2918,10.);
#791=VECTOR('',#2919,10.);
#792=VECTOR('',#2920,10.);
#793=VECTOR('',#2921,10.);
#794=VECTOR('',#2922,10.);
#795=VECTOR('',#2923,10.);
#796=VECTOR('',#2924,10.);
#797=VECTOR('',#2927,10.);
#798=VECTOR('',#2928,10.);
#799=VECTOR('',#2929,10.);
#800=VECTOR('',#2930,10.);
#801=VECTOR('',#2935,10.);
#802=VECTOR('',#2938,10.);
#803=VECTOR('',#2943,10.);
#804=VECTOR('',#2950,10.);
#805=VECTOR('',#2957,10.);
#806=VECTOR('',#2962,10.);
#807=VECTOR('',#2963,10.);
#808=VECTOR('',#2968,10.);
#809=VECTOR('',#2973,10.);
#810=VECTOR('',#2974,10.);
#811=VECTOR('',#2975,10.);
#812=VECTOR('',#2980,10.);
#813=VECTOR('',#2987,10.);
#814=VECTOR('',#2994,10.);
#815=VECTOR('',#3001,10.);
#816=VECTOR('',#3008,10.);
#817=VECTOR('',#3021,10.);
#818=VECTOR('',#3024,10.);
#819=VECTOR('',#3029,10.);
#820=VECTOR('',#3034,10.);
#821=VECTOR('',#3035,10.);
#822=VECTOR('',#3036,10.);
#823=VECTOR('',#3041,10.);
#824=VECTOR('',#3046,10.);
#825=VECTOR('',#3047,10.);
#826=VECTOR('',#3048,10.);
#827=VECTOR('',#3053,10.);
#828=VECTOR('',#3060,10.);
#829=VECTOR('',#3067,10.);
#830=VECTOR('',#3072,10.);
#831=VECTOR('',#3073,10.);
#832=VECTOR('',#3074,10.);
#833=VECTOR('',#3077,10.);
#834=VECTOR('',#3078,10.);
#835=VECTOR('',#3079,10.);
#836=VECTOR('',#3082,10.);
#837=VECTOR('',#3083,10.);
#838=VECTOR('',#3084,10.);
#839=VECTOR('',#3087,10.);
#840=VECTOR('',#3088,10.);
#841=VECTOR('',#3089,10.);
#842=VECTOR('',#3092,10.);
#843=VECTOR('',#3093,10.);
#844=VECTOR('',#3094,10.);
#845=VECTOR('',#3097,10.);
#846=VECTOR('',#3098,10.);
#847=VECTOR('',#3099,10.);
#848=VECTOR('',#3102,10.);
#849=VECTOR('',#3103,10.);
#850=VECTOR('',#3104,10.);
#851=VECTOR('',#3107,10.);
#852=VECTOR('',#3108,10.);
#853=VECTOR('',#3109,10.);
#854=VECTOR('',#3114,10.);
#855=VECTOR('',#3129,10.);
#856=VECTOR('',#3130,10.);
#857=VECTOR('',#3131,10.);
#858=VECTOR('',#3132,10.);
#859=VECTOR('',#3133,10.);
#860=VECTOR('',#3134,10.);
#861=VECTOR('',#3135,10.);
#862=VECTOR('',#3136,10.);
#863=VECTOR('',#3137,10.);
#864=VECTOR('',#3138,10.);
#865=VECTOR('',#3139,10.);
#866=VECTOR('',#3140,10.);
#867=VECTOR('',#3141,10.);
#868=VECTOR('',#3142,10.);
#869=VECTOR('',#3143,10.);
#870=VECTOR('',#3144,10.);
#871=VECTOR('',#3145,10.);
#872=VECTOR('',#3146,10.);
#873=VECTOR('',#3147,10.);
#874=VECTOR('',#3148,10.);
#875=VECTOR('',#3149,10.);
#876=VECTOR('',#3150,10.);
#877=VECTOR('',#3151,10.);
#878=VECTOR('',#3152,10.);
#879=VECTOR('',#3153,10.);
#880=VECTOR('',#3154,10.);
#881=VECTOR('',#3155,10.);
#882=VECTOR('',#3156,10.);
#883=VECTOR('',#3157,10.);
#884=VECTOR('',#3158,10.);
#885=VECTOR('',#3159,10.);
#886=VECTOR('',#3160,10.);
#887=VECTOR('',#3161,10.);
#888=VECTOR('',#3162,10.);
#889=VECTOR('',#3163,10.);
#890=VECTOR('',#3164,10.);
#891=VECTOR('',#3165,10.);
#892=VECTOR('',#3166,10.);
#893=VECTOR('',#3167,10.);
#894=VECTOR('',#3168,10.);
#895=VECTOR('',#3169,10.);
#896=VECTOR('',#3170,10.);
#897=VECTOR('',#3171,10.);
#898=VECTOR('',#3172,10.);
#899=VECTOR('',#3173,10.);
#900=VECTOR('',#3174,10.);
#901=VECTOR('',#3175,10.);
#902=VECTOR('',#3176,10.);
#903=VECTOR('',#3177,10.);
#904=VECTOR('',#3178,10.);
#905=VECTOR('',#3179,10.);
#906=VECTOR('',#3180,10.);
#907=VECTOR('',#3181,10.);
#908=VECTOR('',#3182,10.);
#909=VECTOR('',#3183,10.);
#910=VECTOR('',#3184,10.);
#911=VECTOR('',#3185,10.);
#912=VECTOR('',#3186,10.);
#913=VECTOR('',#3187,10.);
#914=VECTOR('',#3188,10.);
#915=VECTOR('',#3189,10.);
#916=VECTOR('',#3190,10.);
#917=VECTOR('',#3191,10.);
#918=VECTOR('',#3192,10.);
#919=VECTOR('',#3193,10.);
#920=VECTOR('',#3194,10.);
#921=VECTOR('',#3195,10.);
#922=VECTOR('',#3196,10.);
#923=VECTOR('',#3197,10.);
#924=VECTOR('',#3198,10.);
#925=VECTOR('',#3199,10.);
#926=VECTOR('',#3202,10.);
#927=VECTOR('',#3203,10.);
#928=VECTOR('',#3204,10.);
#929=VECTOR('',#3207,10.);
#930=VECTOR('',#3208,10.);
#931=VECTOR('',#3211,10.);
#932=VECTOR('',#3212,10.);
#933=VECTOR('',#3215,10.);
#934=VECTOR('',#3216,10.);
#935=VECTOR('',#3219,10.);
#936=VECTOR('',#3220,10.);
#937=VECTOR('',#3223,10.);
#938=VECTOR('',#3228,10.);
#939=VECTOR('',#3229,10.);
#940=VECTOR('',#3230,10.);
#941=VECTOR('',#3233,10.);
#942=VECTOR('',#3234,10.);
#943=VECTOR('',#3237,10.);
#944=VECTOR('',#3238,10.);
#945=VECTOR('',#3241,10.);
#946=VECTOR('',#3242,10.);
#947=VECTOR('',#3245,10.);
#948=VECTOR('',#3246,10.);
#949=VECTOR('',#3249,10.);
#950=VECTOR('',#3250,10.);
#951=VECTOR('',#3253,10.);
#952=VECTOR('',#3254,10.);
#953=VECTOR('',#3257,10.);
#954=VECTOR('',#3258,10.);
#955=VECTOR('',#3261,10.);
#956=VECTOR('',#3262,10.);
#957=VECTOR('',#3265,10.);
#958=VECTOR('',#3270,10.);
#959=VECTOR('',#3271,10.);
#960=VECTOR('',#3272,10.);
#961=VECTOR('',#3275,10.);
#962=VECTOR('',#3276,10.);
#963=VECTOR('',#3279,10.);
#964=VECTOR('',#3280,10.);
#965=VECTOR('',#3283,10.);
#966=VECTOR('',#3288,10.);
#967=VECTOR('',#3289,10.);
#968=VECTOR('',#3290,10.);
#969=VECTOR('',#3291,10.);
#970=VECTOR('',#3294,10.);
#971=VECTOR('',#3295,10.);
#972=VECTOR('',#3296,10.);
#973=VECTOR('',#3299,10.);
#974=VECTOR('',#3300,10.);
#975=VECTOR('',#3301,10.);
#976=VECTOR('',#3304,10.);
#977=VECTOR('',#3305,10.);
#978=VECTOR('',#3308,10.);
#979=VECTOR('',#3309,10.);
#980=VECTOR('',#3310,10.);
#981=VECTOR('',#3313,10.);
#982=VECTOR('',#3314,10.);
#983=VECTOR('',#3317,10.);
#984=VECTOR('',#3318,10.);
#985=VECTOR('',#3321,10.);
#986=VECTOR('',#3322,10.);
#987=VECTOR('',#3325,10.);
#988=VECTOR('',#3326,10.);
#989=VECTOR('',#3329,10.);
#990=VECTOR('',#3330,10.);
#991=VECTOR('',#3333,10.);
#992=VECTOR('',#3334,10.);
#993=VECTOR('',#3337,10.);
#994=VECTOR('',#3342,10.);
#995=VECTOR('',#3343,10.);
#996=VECTOR('',#3344,10.);
#997=VECTOR('',#3347,10.);
#998=VECTOR('',#3348,10.);
#999=VECTOR('',#3351,10.);
#1000=VECTOR('',#3352,10.);
#1001=VECTOR('',#3355,10.);
#1002=VECTOR('',#3356,10.);
#1003=VECTOR('',#3359,10.);
#1004=VECTOR('',#3360,10.);
#1005=VECTOR('',#3363,10.);
#1006=VECTOR('',#3364,10.);
#1007=VECTOR('',#3367,10.);
#1008=VECTOR('',#3368,10.);
#1009=VECTOR('',#3371,10.);
#1010=VECTOR('',#3372,10.);
#1011=VECTOR('',#3375,10.);
#1012=VECTOR('',#3376,10.);
#1013=VECTOR('',#3379,10.);
#1014=VECTOR('',#3384,10.);
#1015=VECTOR('',#3385,10.);
#1016=VECTOR('',#3386,10.);
#1017=VECTOR('',#3389,10.);
#1018=VECTOR('',#3390,10.);
#1019=VECTOR('',#3393,10.);
#1020=VECTOR('',#3394,10.);
#1021=VECTOR('',#3397,10.);
#1022=VECTOR('',#3398,10.);
#1023=VECTOR('',#3401,10.);
#1024=VECTOR('',#3402,10.);
#1025=VECTOR('',#3405,10.);
#1026=VECTOR('',#3406,10.);
#1027=VECTOR('',#3409,10.);
#1028=VECTOR('',#3410,10.);
#1029=VECTOR('',#3413,10.);
#1030=VECTOR('',#3414,10.);
#1031=VECTOR('',#3417,10.);
#1032=VECTOR('',#3418,10.);
#1033=VECTOR('',#3421,10.);
#1034=VECTOR('',#3422,10.);
#1035=VECTOR('',#3425,10.);
#1036=VECTOR('',#3426,10.);
#1037=VECTOR('',#3429,10.);
#1038=VECTOR('',#3434,10.);
#1039=VECTOR('',#3435,10.);
#1040=VECTOR('',#3436,10.);
#1041=VECTOR('',#3439,10.);
#1042=VECTOR('',#3440,10.);
#1043=VECTOR('',#3443,10.);
#1044=VECTOR('',#3444,10.);
#1045=VECTOR('',#3447,10.);
#1046=VECTOR('',#3448,10.);
#1047=VECTOR('',#3451,10.);
#1048=VECTOR('',#3452,10.);
#1049=VECTOR('',#3455,10.);
#1050=VECTOR('',#3460,10.);
#1051=VECTOR('',#3461,10.);
#1052=VECTOR('',#3462,10.);
#1053=VECTOR('',#3465,10.);
#1054=VECTOR('',#3466,10.);
#1055=VECTOR('',#3469,10.);
#1056=VECTOR('',#3470,10.);
#1057=VECTOR('',#3473,10.);
#1058=VECTOR('',#3474,10.);
#1059=VECTOR('',#3477,10.);
#1060=VECTOR('',#3478,10.);
#1061=VECTOR('',#3481,10.);
#1062=VECTOR('',#3482,10.);
#1063=VECTOR('',#3485,10.);
#1064=VECTOR('',#3486,10.);
#1065=VECTOR('',#3489,10.);
#1066=VECTOR('',#3490,10.);
#1067=VECTOR('',#3493,10.);
#1068=VECTOR('',#3494,10.);
#1069=VECTOR('',#3497,10.);
#1070=VECTOR('',#3498,10.);
#1071=VECTOR('',#3501,10.);
#1072=VECTOR('',#3502,10.);
#1073=VECTOR('',#3505,10.);
#1074=VECTOR('',#3512,10.);
#1075=VECTOR('',#3513,10.);
#1076=VECTOR('',#3514,10.);
#1077=VECTOR('',#3517,10.);
#1078=VECTOR('',#3518,10.);
#1079=VECTOR('',#3521,10.);
#1080=VECTOR('',#3522,10.);
#1081=VECTOR('',#3525,10.);
#1082=VECTOR('',#3528,10.);
#1083=VECTOR('',#3529,10.);
#1084=VECTOR('',#3532,10.);
#1085=VECTOR('',#3533,10.);
#1086=VECTOR('',#3536,10.);
#1087=CIRCLE('',#2661,1.6);
#1088=CIRCLE('',#2662,1.6);
#1089=CIRCLE('',#2665,1.6);
#1090=CIRCLE('',#2666,1.6);
#1091=CIRCLE('',#2669,1.6);
#1092=CIRCLE('',#2670,1.6);
#1093=CIRCLE('',#2673,1.6);
#1094=CIRCLE('',#2674,1.6);
#1095=CIRCLE('',#2685,7.46884126637241);
#1096=CIRCLE('',#2686,7.46884126637241);
#1097=CIRCLE('',#2688,0.956816129001548);
#1098=CIRCLE('',#2689,0.956816129001548);
#1099=CIRCLE('',#2691,1.89157735576497);
#1100=CIRCLE('',#2692,1.89157735576497);
#1101=CIRCLE('',#2694,1.89157735576497);
#1102=CIRCLE('',#2695,1.89157735576497);
#1103=CIRCLE('',#2698,7.46884126637241);
#1104=CIRCLE('',#2699,7.46884126637241);
#1105=CIRCLE('',#2702,1.89157735576497);
#1106=CIRCLE('',#2703,1.89157735576497);
#1107=CIRCLE('',#2705,3.82442860210116);
#1108=CIRCLE('',#2706,3.82442860210116);
#1109=CIRCLE('',#2708,4.90264009783748);
#1110=CIRCLE('',#2709,4.90264009783748);
#1111=CIRCLE('',#2711,7.46884126637241);
#1112=CIRCLE('',#2712,7.46884126637241);
#1113=CIRCLE('',#2714,4.90264009783748);
#1114=CIRCLE('',#2715,4.90264009783748);
#1115=CIRCLE('',#2717,7.46794900623284);
#1116=CIRCLE('',#2718,7.46794900623284);
#1117=CIRCLE('',#2720,4.643);
#1118=CIRCLE('',#2721,4.643);
#1119=CIRCLE('',#2723,2.296);
#1120=CIRCLE('',#2724,2.296);
#1121=CIRCLE('',#2727,0.102544914767654);
#1122=CIRCLE('',#2728,0.102544914767654);
#1123=CIRCLE('',#2731,2.296);
#1124=CIRCLE('',#2732,2.296);
#1125=CIRCLE('',#2734,1.164);
#1126=CIRCLE('',#2735,1.164);
#1127=CIRCLE('',#2737,9.067);
#1128=CIRCLE('',#2738,9.067);
#1129=CIRCLE('',#2748,9.067);
#1130=CIRCLE('',#2749,9.067);
#1131=CIRCLE('',#2751,5.952);
#1132=CIRCLE('',#2752,5.952);
#1133=VERTEX_POINT('',#3545);
#1134=VERTEX_POINT('',#3547);
#1135=VERTEX_POINT('',#3552);
#1136=VERTEX_POINT('',#3554);
#1137=VERTEX_POINT('',#3559);
#1138=VERTEX_POINT('',#3561);
#1139=VERTEX_POINT('',#3566);
#1140=VERTEX_POINT('',#3568);
#1141=VERTEX_POINT('',#3573);
#1142=VERTEX_POINT('',#3574);
#1143=VERTEX_POINT('',#3576);
#1144=VERTEX_POINT('',#3578);
#1145=VERTEX_POINT('',#3582);
#1146=VERTEX_POINT('',#3584);
#1147=VERTEX_POINT('',#3588);
#1148=VERTEX_POINT('',#3589);
#1149=VERTEX_POINT('',#3591);
#1150=VERTEX_POINT('',#3593);
#1151=VERTEX_POINT('',#3597);
#1152=VERTEX_POINT('',#3599);
#1153=VERTEX_POINT('',#3606);
#1154=VERTEX_POINT('',#3608);
#1155=VERTEX_POINT('',#3612);
#1156=VERTEX_POINT('',#3614);
#1157=VERTEX_POINT('',#3617);
#1158=VERTEX_POINT('',#3618);
#1159=VERTEX_POINT('',#3620);
#1160=VERTEX_POINT('',#3622);
#1161=VERTEX_POINT('',#3626);
#1162=VERTEX_POINT('',#3627);
#1163=VERTEX_POINT('',#3629);
#1164=VERTEX_POINT('',#3631);
#1165=VERTEX_POINT('',#3635);
#1166=VERTEX_POINT('',#3637);
#1167=VERTEX_POINT('',#3642);
#1168=VERTEX_POINT('',#3644);
#1169=VERTEX_POINT('',#3648);
#1170=VERTEX_POINT('',#3650);
#1171=VERTEX_POINT('',#3654);
#1172=VERTEX_POINT('',#3656);
#1173=VERTEX_POINT('',#3663);
#1174=VERTEX_POINT('',#3665);
#1175=VERTEX_POINT('',#3669);
#1176=VERTEX_POINT('',#3671);
#1177=VERTEX_POINT('',#3675);
#1178=VERTEX_POINT('',#3677);
#1179=VERTEX_POINT('',#3681);
#1180=VERTEX_POINT('',#3683);
#1181=VERTEX_POINT('',#3687);
#1182=VERTEX_POINT('',#3689);
#1183=VERTEX_POINT('',#3693);
#1184=VERTEX_POINT('',#3695);
#1185=VERTEX_POINT('',#3699);
#1186=VERTEX_POINT('',#3701);
#1187=VERTEX_POINT('',#3708);
#1188=VERTEX_POINT('',#3709);
#1189=VERTEX_POINT('',#3711);
#1190=VERTEX_POINT('',#3713);
#1191=VERTEX_POINT('',#3717);
#1192=VERTEX_POINT('',#3719);
#1193=VERTEX_POINT('',#3723);
#1194=VERTEX_POINT('',#3725);
#1195=VERTEX_POINT('',#3729);
#1196=VERTEX_POINT('',#3731);
#1197=VERTEX_POINT('',#3735);
#1198=VERTEX_POINT('',#3737);
#1199=VERTEX_POINT('',#3741);
#1200=VERTEX_POINT('',#3743);
#1201=VERTEX_POINT('',#3747);
#1202=VERTEX_POINT('',#3749);
#1203=VERTEX_POINT('',#3753);
#1204=VERTEX_POINT('',#3755);
#1205=VERTEX_POINT('',#3759);
#1206=VERTEX_POINT('',#3761);
#1207=VERTEX_POINT('',#3765);
#1208=VERTEX_POINT('',#3767);
#1209=VERTEX_POINT('',#3771);
#1210=VERTEX_POINT('',#3773);
#1211=VERTEX_POINT('',#3777);
#1212=VERTEX_POINT('',#3779);
#1213=VERTEX_POINT('',#3783);
#1214=VERTEX_POINT('',#3785);
#1215=VERTEX_POINT('',#3789);
#1216=VERTEX_POINT('',#3791);
#1217=VERTEX_POINT('',#3795);
#1218=VERTEX_POINT('',#3797);
#1219=VERTEX_POINT('',#3801);
#1220=VERTEX_POINT('',#3803);
#1221=VERTEX_POINT('',#3807);
#1222=VERTEX_POINT('',#3809);
#1223=VERTEX_POINT('',#3818);
#1224=VERTEX_POINT('',#3819);
#1225=VERTEX_POINT('',#3823);
#1226=VERTEX_POINT('',#3824);
#1227=VERTEX_POINT('',#3826);
#1228=VERTEX_POINT('',#3828);
#1229=VERTEX_POINT('',#3830);
#1230=VERTEX_POINT('',#3832);
#1231=VERTEX_POINT('',#3835);
#1232=VERTEX_POINT('',#3836);
#1233=VERTEX_POINT('',#3838);
#1234=VERTEX_POINT('',#3840);
#1235=VERTEX_POINT('',#3842);
#1236=VERTEX_POINT('',#3844);
#1237=VERTEX_POINT('',#3846);
#1238=VERTEX_POINT('',#3848);
#1239=VERTEX_POINT('',#3850);
#1240=VERTEX_POINT('',#3852);
#1241=VERTEX_POINT('',#3855);
#1242=VERTEX_POINT('',#3856);
#1243=VERTEX_POINT('',#3858);
#1244=VERTEX_POINT('',#3860);
#1245=VERTEX_POINT('',#3863);
#1246=VERTEX_POINT('',#3864);
#1247=VERTEX_POINT('',#3866);
#1248=VERTEX_POINT('',#3868);
#1249=VERTEX_POINT('',#3870);
#1250=VERTEX_POINT('',#3872);
#1251=VERTEX_POINT('',#3874);
#1252=VERTEX_POINT('',#3876);
#1253=VERTEX_POINT('',#3879);
#1254=VERTEX_POINT('',#3880);
#1255=VERTEX_POINT('',#3882);
#1256=VERTEX_POINT('',#3884);
#1257=VERTEX_POINT('',#3886);
#1258=VERTEX_POINT('',#3888);
#1259=VERTEX_POINT('',#3890);
#1260=VERTEX_POINT('',#3892);
#1261=VERTEX_POINT('',#3894);
#1262=VERTEX_POINT('',#3896);
#1263=VERTEX_POINT('',#3899);
#1264=VERTEX_POINT('',#3900);
#1265=VERTEX_POINT('',#3902);
#1266=VERTEX_POINT('',#3904);
#1267=VERTEX_POINT('',#3906);
#1268=VERTEX_POINT('',#3908);
#1269=VERTEX_POINT('',#3910);
#1270=VERTEX_POINT('',#3912);
#1271=VERTEX_POINT('',#3914);
#1272=VERTEX_POINT('',#3916);
#1273=VERTEX_POINT('',#3918);
#1274=VERTEX_POINT('',#3920);
#1275=VERTEX_POINT('',#3923);
#1276=VERTEX_POINT('',#3924);
#1277=VERTEX_POINT('',#3926);
#1278=VERTEX_POINT('',#3928);
#1279=VERTEX_POINT('',#3930);
#1280=VERTEX_POINT('',#3932);
#1281=VERTEX_POINT('',#3935);
#1282=VERTEX_POINT('',#3936);
#1283=VERTEX_POINT('',#3938);
#1284=VERTEX_POINT('',#3940);
#1285=VERTEX_POINT('',#3942);
#1286=VERTEX_POINT('',#3944);
#1287=VERTEX_POINT('',#3946);
#1288=VERTEX_POINT('',#3948);
#1289=VERTEX_POINT('',#3950);
#1290=VERTEX_POINT('',#3952);
#1291=VERTEX_POINT('',#3954);
#1292=VERTEX_POINT('',#3956);
#1293=VERTEX_POINT('',#3960);
#1294=VERTEX_POINT('',#3962);
#1295=VERTEX_POINT('',#3966);
#1296=VERTEX_POINT('',#3970);
#1297=VERTEX_POINT('',#3974);
#1298=VERTEX_POINT('',#3978);
#1299=VERTEX_POINT('',#3985);
#1300=VERTEX_POINT('',#3987);
#1301=VERTEX_POINT('',#3991);
#1302=VERTEX_POINT('',#3995);
#1303=VERTEX_POINT('',#3999);
#1304=VERTEX_POINT('',#4003);
#1305=VERTEX_POINT('',#4007);
#1306=VERTEX_POINT('',#4011);
#1307=VERTEX_POINT('',#4015);
#1308=VERTEX_POINT('',#4019);
#1309=VERTEX_POINT('',#4026);
#1310=VERTEX_POINT('',#4028);
#1311=VERTEX_POINT('',#4032);
#1312=VERTEX_POINT('',#4036);
#1313=VERTEX_POINT('',#4043);
#1314=VERTEX_POINT('',#4044);
#1315=VERTEX_POINT('',#4046);
#1316=VERTEX_POINT('',#4048);
#1317=VERTEX_POINT('',#4052);
#1318=VERTEX_POINT('',#4054);
#1319=VERTEX_POINT('',#4058);
#1320=VERTEX_POINT('',#4060);
#1321=VERTEX_POINT('',#4067);
#1322=VERTEX_POINT('',#4069);
#1323=VERTEX_POINT('',#4073);
#1324=VERTEX_POINT('',#4077);
#1325=VERTEX_POINT('',#4081);
#1326=VERTEX_POINT('',#4085);
#1327=VERTEX_POINT('',#4089);
#1328=VERTEX_POINT('',#4093);
#1329=VERTEX_POINT('',#4100);
#1330=VERTEX_POINT('',#4102);
#1331=VERTEX_POINT('',#4106);
#1332=VERTEX_POINT('',#4110);
#1333=VERTEX_POINT('',#4114);
#1334=VERTEX_POINT('',#4118);
#1335=VERTEX_POINT('',#4122);
#1336=VERTEX_POINT('',#4126);
#1337=VERTEX_POINT('',#4130);
#1338=VERTEX_POINT('',#4134);
#1339=VERTEX_POINT('',#4141);
#1340=VERTEX_POINT('',#4143);
#1341=VERTEX_POINT('',#4147);
#1342=VERTEX_POINT('',#4151);
#1343=VERTEX_POINT('',#4155);
#1344=VERTEX_POINT('',#4159);
#1345=VERTEX_POINT('',#4163);
#1346=VERTEX_POINT('',#4167);
#1347=VERTEX_POINT('',#4171);
#1348=VERTEX_POINT('',#4175);
#1349=VERTEX_POINT('',#4179);
#1350=VERTEX_POINT('',#4183);
#1351=VERTEX_POINT('',#4190);
#1352=VERTEX_POINT('',#4192);
#1353=VERTEX_POINT('',#4196);
#1354=VERTEX_POINT('',#4200);
#1355=VERTEX_POINT('',#4204);
#1356=VERTEX_POINT('',#4208);
#1357=VERTEX_POINT('',#4215);
#1358=VERTEX_POINT('',#4217);
#1359=VERTEX_POINT('',#4221);
#1360=VERTEX_POINT('',#4225);
#1361=VERTEX_POINT('',#4229);
#1362=VERTEX_POINT('',#4233);
#1363=VERTEX_POINT('',#4237);
#1364=VERTEX_POINT('',#4241);
#1365=VERTEX_POINT('',#4245);
#1366=VERTEX_POINT('',#4249);
#1367=VERTEX_POINT('',#4253);
#1368=VERTEX_POINT('',#4257);
#1369=VERTEX_POINT('',#4265);
#1370=VERTEX_POINT('',#4266);
#1371=VERTEX_POINT('',#4271);
#1372=VERTEX_POINT('',#4275);
#1373=VERTEX_POINT('',#4281);
#1374=VERTEX_POINT('',#4285);
#1375=EDGE_CURVE('',#1133,#1133,#1087,.T.);
#1376=EDGE_CURVE('',#1133,#1134,#447,.T.);
#1377=EDGE_CURVE('',#1134,#1134,#1088,.T.);
#1378=EDGE_CURVE('',#1135,#1135,#1089,.T.);
#1379=EDGE_CURVE('',#1135,#1136,#448,.T.);
#1380=EDGE_CURVE('',#1136,#1136,#1090,.T.);
#1381=EDGE_CURVE('',#1137,#1137,#1091,.T.);
#1382=EDGE_CURVE('',#1137,#1138,#449,.T.);
#1383=EDGE_CURVE('',#1138,#1138,#1092,.T.);
#1384=EDGE_CURVE('',#1139,#1139,#1093,.T.);
#1385=EDGE_CURVE('',#1139,#1140,#450,.T.);
#1386=EDGE_CURVE('',#1140,#1140,#1094,.T.);
#1387=EDGE_CURVE('',#1141,#1142,#451,.T.);
#1388=EDGE_CURVE('',#1141,#1143,#452,.T.);
#1389=EDGE_CURVE('',#1144,#1143,#453,.T.);
#1390=EDGE_CURVE('',#1142,#1144,#454,.T.);
#1391=EDGE_CURVE('',#1142,#1145,#455,.T.);
#1392=EDGE_CURVE('',#1146,#1144,#456,.T.);
#1393=EDGE_CURVE('',#1145,#1146,#457,.T.);
#1394=EDGE_CURVE('',#1147,#1148,#458,.T.);
#1395=EDGE_CURVE('',#1147,#1149,#459,.T.);
#1396=EDGE_CURVE('',#1150,#1149,#460,.T.);
#1397=EDGE_CURVE('',#1148,#1150,#461,.T.);
#1398=EDGE_CURVE('',#1148,#1151,#462,.T.);
#1399=EDGE_CURVE('',#1152,#1150,#463,.T.);
#1400=EDGE_CURVE('',#1151,#1152,#464,.T.);
#1401=EDGE_CURVE('',#1151,#1141,#465,.T.);
#1402=EDGE_CURVE('',#1143,#1152,#466,.T.);
#1403=EDGE_CURVE('',#1149,#1153,#467,.T.);
#1404=EDGE_CURVE('',#1153,#1154,#468,.T.);
#1405=EDGE_CURVE('',#1154,#1146,#469,.T.);
#1406=EDGE_CURVE('',#1145,#1155,#470,.T.);
#1407=EDGE_CURVE('',#1155,#1156,#471,.T.);
#1408=EDGE_CURVE('',#1156,#1147,#472,.T.);
#1409=EDGE_CURVE('',#1157,#1158,#473,.T.);
#1410=EDGE_CURVE('',#1158,#1159,#474,.T.);
#1411=EDGE_CURVE('',#1159,#1160,#475,.T.);
#1412=EDGE_CURVE('',#1160,#1157,#476,.T.);
#1413=EDGE_CURVE('',#1161,#1162,#477,.T.);
#1414=EDGE_CURVE('',#1161,#1163,#478,.T.);
#1415=EDGE_CURVE('',#1163,#1164,#479,.T.);
#1416=EDGE_CURVE('',#1162,#1164,#480,.T.);
#1417=EDGE_CURVE('',#1165,#1161,#1095,.T.);
#1418=EDGE_CURVE('',#1165,#1166,#481,.T.);
#1419=EDGE_CURVE('',#1166,#1163,#1096,.T.);
#1420=EDGE_CURVE('',#1161,#1163,#482,.T.);
#1421=EDGE_CURVE('',#1167,#1165,#1097,.T.);
#1422=EDGE_CURVE('',#1167,#1168,#483,.T.);
#1423=EDGE_CURVE('',#1168,#1166,#1098,.T.);
#1424=EDGE_CURVE('',#1169,#1167,#1099,.T.);
#1425=EDGE_CURVE('',#1169,#1170,#484,.T.);
#1426=EDGE_CURVE('',#1170,#1168,#1100,.T.);
#1427=EDGE_CURVE('',#1171,#1169,#1101,.T.);
#1428=EDGE_CURVE('',#1171,#1172,#485,.T.);
#1429=EDGE_CURVE('',#1172,#1170,#1102,.T.);
#1430=EDGE_CURVE('',#1161,#1171,#486,.T.);
#1431=EDGE_CURVE('',#1163,#1172,#487,.T.);
#1432=EDGE_CURVE('',#1173,#1161,#1103,.T.);
#1433=EDGE_CURVE('',#1173,#1174,#488,.T.);
#1434=EDGE_CURVE('',#1174,#1163,#1104,.T.);
#1435=EDGE_CURVE('',#1175,#1173,#489,.T.);
#1436=EDGE_CURVE('',#1175,#1176,#490,.T.);
#1437=EDGE_CURVE('',#1176,#1174,#491,.T.);
#1438=EDGE_CURVE('',#1177,#1175,#1105,.T.);
#1439=EDGE_CURVE('',#1177,#1178,#492,.T.);
#1440=EDGE_CURVE('',#1178,#1176,#1106,.T.);
#1441=EDGE_CURVE('',#1179,#1177,#1107,.T.);
#1442=EDGE_CURVE('',#1179,#1180,#493,.T.);
#1443=EDGE_CURVE('',#1180,#1178,#1108,.T.);
#1444=EDGE_CURVE('',#1181,#1179,#1109,.T.);
#1445=EDGE_CURVE('',#1181,#1182,#494,.T.);
#1446=EDGE_CURVE('',#1182,#1180,#1110,.T.);
#1447=EDGE_CURVE('',#1183,#1181,#1111,.T.);
#1448=EDGE_CURVE('',#1183,#1184,#495,.T.);
#1449=EDGE_CURVE('',#1184,#1182,#1112,.T.);
#1450=EDGE_CURVE('',#1185,#1183,#1113,.T.);
#1451=EDGE_CURVE('',#1185,#1186,#496,.T.);
#1452=EDGE_CURVE('',#1186,#1184,#1114,.T.);
#1453=EDGE_CURVE('',#1162,#1185,#1115,.T.);
#1454=EDGE_CURVE('',#1164,#1186,#1116,.T.);
#1455=EDGE_CURVE('',#1187,#1188,#1117,.T.);
#1456=EDGE_CURVE('',#1187,#1189,#497,.T.);
#1457=EDGE_CURVE('',#1189,#1190,#1118,.T.);
#1458=EDGE_CURVE('',#1188,#1190,#498,.T.);
#1459=EDGE_CURVE('',#1191,#1187,#1119,.T.);
#1460=EDGE_CURVE('',#1191,#1192,#499,.T.);
#1461=EDGE_CURVE('',#1192,#1189,#1120,.T.);
#1462=EDGE_CURVE('',#1193,#1191,#500,.T.);
#1463=EDGE_CURVE('',#1193,#1194,#501,.T.);
#1464=EDGE_CURVE('',#1194,#1192,#502,.T.);
#1465=EDGE_CURVE('',#1195,#1193,#1121,.T.);
#1466=EDGE_CURVE('',#1195,#1196,#503,.T.);
#1467=EDGE_CURVE('',#1196,#1194,#1122,.T.);
#1468=EDGE_CURVE('',#1197,#1195,#504,.T.);
#1469=EDGE_CURVE('',#1197,#1198,#505,.T.);
#1470=EDGE_CURVE('',#1198,#1196,#506,.T.);
#1471=EDGE_CURVE('',#1199,#1197,#1123,.T.);
#1472=EDGE_CURVE('',#1199,#1200,#507,.T.);
#1473=EDGE_CURVE('',#1200,#1198,#1124,.T.);
#1474=EDGE_CURVE('',#1201,#1199,#1125,.T.);
#1475=EDGE_CURVE('',#1201,#1202,#508,.T.);
#1476=EDGE_CURVE('',#1202,#1200,#1126,.T.);
#1477=EDGE_CURVE('',#1203,#1201,#1127,.T.);
#1478=EDGE_CURVE('',#1203,#1204,#509,.T.);
#1479=EDGE_CURVE('',#1204,#1202,#1128,.T.);
#1480=EDGE_CURVE('',#1205,#1203,#510,.T.);
#1481=EDGE_CURVE('',#1205,#1206,#511,.T.);
#1482=EDGE_CURVE('',#1206,#1204,#512,.T.);
#1483=EDGE_CURVE('',#1207,#1205,#513,.T.);
#1484=EDGE_CURVE('',#1207,#1208,#514,.T.);
#1485=EDGE_CURVE('',#1208,#1206,#515,.T.);
#1486=EDGE_CURVE('',#1209,#1207,#516,.T.);
#1487=EDGE_CURVE('',#1209,#1210,#517,.T.);
#1488=EDGE_CURVE('',#1210,#1208,#518,.T.);
#1489=EDGE_CURVE('',#1211,#1209,#519,.T.);
#1490=EDGE_CURVE('',#1211,#1212,#520,.T.);
#1491=EDGE_CURVE('',#1212,#1210,#521,.T.);
#1492=EDGE_CURVE('',#1213,#1211,#522,.T.);
#1493=EDGE_CURVE('',#1213,#1214,#523,.T.);
#1494=EDGE_CURVE('',#1214,#1212,#524,.T.);
#1495=EDGE_CURVE('',#1215,#1213,#525,.T.);
#1496=EDGE_CURVE('',#1215,#1216,#526,.T.);
#1497=EDGE_CURVE('',#1216,#1214,#527,.T.);
#1498=EDGE_CURVE('',#1217,#1215,#528,.T.);
#1499=EDGE_CURVE('',#1217,#1218,#529,.T.);
#1500=EDGE_CURVE('',#1218,#1216,#530,.T.);
#1501=EDGE_CURVE('',#1219,#1217,#531,.T.);
#1502=EDGE_CURVE('',#1219,#1220,#532,.T.);
#1503=EDGE_CURVE('',#1220,#1218,#533,.T.);
#1504=EDGE_CURVE('',#1221,#1219,#1129,.T.);
#1505=EDGE_CURVE('',#1221,#1222,#534,.T.);
#1506=EDGE_CURVE('',#1222,#1220,#1130,.T.);
#1507=EDGE_CURVE('',#1188,#1221,#1131,.T.);
#1508=EDGE_CURVE('',#1190,#1222,#1132,.T.);
#1509=EDGE_CURVE('',#1223,#1224,#535,.T.);
#1510=EDGE_CURVE('',#1224,#1154,#536,.T.);
#1511=EDGE_CURVE('',#1223,#1153,#537,.T.);
#1512=EDGE_CURVE('',#1225,#1226,#538,.T.);
#1513=EDGE_CURVE('',#1226,#1227,#539,.T.);
#1514=EDGE_CURVE('',#1227,#1228,#540,.T.);
#1515=EDGE_CURVE('',#1228,#1229,#541,.T.);
#1516=EDGE_CURVE('',#1229,#1230,#542,.T.);
#1517=EDGE_CURVE('',#1230,#1225,#543,.T.);
#1518=EDGE_CURVE('',#1231,#1232,#544,.T.);
#1519=EDGE_CURVE('',#1232,#1233,#545,.T.);
#1520=EDGE_CURVE('',#1233,#1234,#546,.T.);
#1521=EDGE_CURVE('',#1234,#1235,#547,.T.);
#1522=EDGE_CURVE('',#1235,#1236,#548,.T.);
#1523=EDGE_CURVE('',#1236,#1237,#549,.T.);
#1524=EDGE_CURVE('',#1237,#1238,#550,.T.);
#1525=EDGE_CURVE('',#1238,#1239,#551,.T.);
#1526=EDGE_CURVE('',#1239,#1240,#552,.T.);
#1527=EDGE_CURVE('',#1240,#1231,#553,.T.);
#1528=EDGE_CURVE('',#1241,#1242,#554,.T.);
#1529=EDGE_CURVE('',#1242,#1243,#555,.T.);
#1530=EDGE_CURVE('',#1243,#1244,#556,.T.);
#1531=EDGE_CURVE('',#1244,#1241,#557,.T.);
#1532=EDGE_CURVE('',#1245,#1246,#558,.T.);
#1533=EDGE_CURVE('',#1246,#1247,#559,.T.);
#1534=EDGE_CURVE('',#1247,#1248,#560,.T.);
#1535=EDGE_CURVE('',#1248,#1249,#561,.T.);
#1536=EDGE_CURVE('',#1249,#1250,#562,.T.);
#1537=EDGE_CURVE('',#1250,#1251,#563,.T.);
#1538=EDGE_CURVE('',#1251,#1252,#564,.T.);
#1539=EDGE_CURVE('',#1252,#1245,#565,.T.);
#1540=EDGE_CURVE('',#1253,#1254,#566,.T.);
#1541=EDGE_CURVE('',#1254,#1255,#567,.T.);
#1542=EDGE_CURVE('',#1255,#1256,#568,.T.);
#1543=EDGE_CURVE('',#1256,#1257,#569,.T.);
#1544=EDGE_CURVE('',#1257,#1258,#570,.T.);
#1545=EDGE_CURVE('',#1258,#1259,#571,.T.);
#1546=EDGE_CURVE('',#1259,#1260,#572,.T.);
#1547=EDGE_CURVE('',#1260,#1261,#573,.T.);
#1548=EDGE_CURVE('',#1261,#1262,#574,.T.);
#1549=EDGE_CURVE('',#1262,#1253,#575,.T.);
#1550=EDGE_CURVE('',#1263,#1264,#576,.T.);
#1551=EDGE_CURVE('',#1264,#1265,#577,.T.);
#1552=EDGE_CURVE('',#1265,#1266,#578,.T.);
#1553=EDGE_CURVE('',#1266,#1267,#579,.T.);
#1554=EDGE_CURVE('',#1267,#1268,#580,.T.);
#1555=EDGE_CURVE('',#1268,#1269,#581,.T.);
#1556=EDGE_CURVE('',#1269,#1270,#582,.T.);
#1557=EDGE_CURVE('',#1270,#1271,#583,.T.);
#1558=EDGE_CURVE('',#1271,#1272,#584,.T.);
#1559=EDGE_CURVE('',#1272,#1273,#585,.T.);
#1560=EDGE_CURVE('',#1273,#1274,#586,.T.);
#1561=EDGE_CURVE('',#1274,#1263,#587,.T.);
#1562=EDGE_CURVE('',#1275,#1276,#588,.T.);
#1563=EDGE_CURVE('',#1276,#1277,#589,.T.);
#1564=EDGE_CURVE('',#1277,#1278,#590,.T.);
#1565=EDGE_CURVE('',#1278,#1279,#591,.T.);
#1566=EDGE_CURVE('',#1279,#1280,#592,.T.);
#1567=EDGE_CURVE('',#1280,#1275,#593,.T.);
#1568=EDGE_CURVE('',#1281,#1282,#594,.T.);
#1569=EDGE_CURVE('',#1282,#1283,#595,.T.);
#1570=EDGE_CURVE('',#1283,#1284,#596,.T.);
#1571=EDGE_CURVE('',#1284,#1285,#597,.T.);
#1572=EDGE_CURVE('',#1285,#1286,#598,.T.);
#1573=EDGE_CURVE('',#1286,#1287,#599,.T.);
#1574=EDGE_CURVE('',#1287,#1288,#600,.T.);
#1575=EDGE_CURVE('',#1288,#1289,#601,.T.);
#1576=EDGE_CURVE('',#1289,#1290,#602,.T.);
#1577=EDGE_CURVE('',#1290,#1291,#603,.T.);
#1578=EDGE_CURVE('',#1291,#1292,#604,.T.);
#1579=EDGE_CURVE('',#1292,#1281,#605,.T.);
#1580=EDGE_CURVE('',#1225,#1293,#606,.T.);
#1581=EDGE_CURVE('',#1293,#1294,#607,.T.);
#1582=EDGE_CURVE('',#1226,#1294,#608,.T.);
#1583=EDGE_CURVE('',#1230,#1295,#609,.T.);
#1584=EDGE_CURVE('',#1295,#1293,#610,.T.);
#1585=EDGE_CURVE('',#1229,#1296,#611,.T.);
#1586=EDGE_CURVE('',#1296,#1295,#612,.T.);
#1587=EDGE_CURVE('',#1228,#1297,#613,.T.);
#1588=EDGE_CURVE('',#1297,#1296,#614,.T.);
#1589=EDGE_CURVE('',#1227,#1298,#615,.T.);
#1590=EDGE_CURVE('',#1298,#1297,#616,.T.);
#1591=EDGE_CURVE('',#1294,#1298,#617,.T.);
#1592=EDGE_CURVE('',#1231,#1299,#618,.T.);
#1593=EDGE_CURVE('',#1299,#1300,#619,.T.);
#1594=EDGE_CURVE('',#1232,#1300,#620,.T.);
#1595=EDGE_CURVE('',#1240,#1301,#621,.T.);
#1596=EDGE_CURVE('',#1301,#1299,#622,.T.);
#1597=EDGE_CURVE('',#1239,#1302,#623,.T.);
#1598=EDGE_CURVE('',#1302,#1301,#624,.T.);
#1599=EDGE_CURVE('',#1238,#1303,#625,.T.);
#1600=EDGE_CURVE('',#1303,#1302,#626,.T.);
#1601=EDGE_CURVE('',#1237,#1304,#627,.T.);
#1602=EDGE_CURVE('',#1304,#1303,#628,.T.);
#1603=EDGE_CURVE('',#1236,#1305,#629,.T.);
#1604=EDGE_CURVE('',#1305,#1304,#630,.T.);
#1605=EDGE_CURVE('',#1235,#1306,#631,.T.);
#1606=EDGE_CURVE('',#1306,#1305,#632,.T.);
#1607=EDGE_CURVE('',#1234,#1307,#633,.T.);
#1608=EDGE_CURVE('',#1307,#1306,#634,.T.);
#1609=EDGE_CURVE('',#1233,#1308,#635,.T.);
#1610=EDGE_CURVE('',#1308,#1307,#636,.T.);
#1611=EDGE_CURVE('',#1300,#1308,#637,.T.);
#1612=EDGE_CURVE('',#1241,#1309,#638,.T.);
#1613=EDGE_CURVE('',#1309,#1310,#639,.T.);
#1614=EDGE_CURVE('',#1242,#1310,#640,.T.);
#1615=EDGE_CURVE('',#1244,#1311,#641,.T.);
#1616=EDGE_CURVE('',#1311,#1309,#642,.T.);
#1617=EDGE_CURVE('',#1243,#1312,#643,.T.);
#1618=EDGE_CURVE('',#1312,#1311,#644,.T.);
#1619=EDGE_CURVE('',#1310,#1312,#645,.T.);
#1620=EDGE_CURVE('',#1313,#1314,#646,.T.);
#1621=EDGE_CURVE('',#1313,#1315,#647,.T.);
#1622=EDGE_CURVE('',#1315,#1316,#648,.T.);
#1623=EDGE_CURVE('',#1314,#1316,#649,.T.);
#1624=EDGE_CURVE('',#1317,#1313,#650,.T.);
#1625=EDGE_CURVE('',#1317,#1318,#651,.T.);
#1626=EDGE_CURVE('',#1318,#1315,#652,.T.);
#1627=EDGE_CURVE('',#1319,#1317,#653,.T.);
#1628=EDGE_CURVE('',#1319,#1320,#654,.T.);
#1629=EDGE_CURVE('',#1320,#1318,#655,.T.);
#1630=EDGE_CURVE('',#1314,#1319,#656,.T.);
#1631=EDGE_CURVE('',#1316,#1320,#657,.T.);
#1632=EDGE_CURVE('',#1245,#1321,#658,.T.);
#1633=EDGE_CURVE('',#1321,#1322,#659,.T.);
#1634=EDGE_CURVE('',#1246,#1322,#660,.T.);
#1635=EDGE_CURVE('',#1252,#1323,#661,.T.);
#1636=EDGE_CURVE('',#1323,#1321,#662,.T.);
#1637=EDGE_CURVE('',#1251,#1324,#663,.T.);
#1638=EDGE_CURVE('',#1324,#1323,#664,.T.);
#1639=EDGE_CURVE('',#1250,#1325,#665,.T.);
#1640=EDGE_CURVE('',#1325,#1324,#666,.T.);
#1641=EDGE_CURVE('',#1249,#1326,#667,.T.);
#1642=EDGE_CURVE('',#1326,#1325,#668,.T.);
#1643=EDGE_CURVE('',#1248,#1327,#669,.T.);
#1644=EDGE_CURVE('',#1327,#1326,#670,.T.);
#1645=EDGE_CURVE('',#1247,#1328,#671,.T.);
#1646=EDGE_CURVE('',#1328,#1327,#672,.T.);
#1647=EDGE_CURVE('',#1322,#1328,#673,.T.);
#1648=EDGE_CURVE('',#1253,#1329,#674,.T.);
#1649=EDGE_CURVE('',#1329,#1330,#675,.T.);
#1650=EDGE_CURVE('',#1254,#1330,#676,.T.);
#1651=EDGE_CURVE('',#1262,#1331,#677,.T.);
#1652=EDGE_CURVE('',#1331,#1329,#678,.T.);
#1653=EDGE_CURVE('',#1261,#1332,#679,.T.);
#1654=EDGE_CURVE('',#1332,#1331,#680,.T.);
#1655=EDGE_CURVE('',#1260,#1333,#681,.T.);
#1656=EDGE_CURVE('',#1333,#1332,#682,.T.);
#1657=EDGE_CURVE('',#1259,#1334,#683,.T.);
#1658=EDGE_CURVE('',#1334,#1333,#684,.T.);
#1659=EDGE_CURVE('',#1258,#1335,#685,.T.);
#1660=EDGE_CURVE('',#1335,#1334,#686,.T.);
#1661=EDGE_CURVE('',#1257,#1336,#687,.T.);
#1662=EDGE_CURVE('',#1336,#1335,#688,.T.);
#1663=EDGE_CURVE('',#1256,#1337,#689,.T.);
#1664=EDGE_CURVE('',#1337,#1336,#690,.T.);
#1665=EDGE_CURVE('',#1255,#1338,#691,.T.);
#1666=EDGE_CURVE('',#1338,#1337,#692,.T.);
#1667=EDGE_CURVE('',#1330,#1338,#693,.T.);
#1668=EDGE_CURVE('',#1263,#1339,#694,.T.);
#1669=EDGE_CURVE('',#1339,#1340,#695,.T.);
#1670=EDGE_CURVE('',#1264,#1340,#696,.T.);
#1671=EDGE_CURVE('',#1274,#1341,#697,.T.);
#1672=EDGE_CURVE('',#1341,#1339,#698,.T.);
#1673=EDGE_CURVE('',#1273,#1342,#699,.T.);
#1674=EDGE_CURVE('',#1342,#1341,#700,.T.);
#1675=EDGE_CURVE('',#1272,#1343,#701,.T.);
#1676=EDGE_CURVE('',#1343,#1342,#702,.T.);
#1677=EDGE_CURVE('',#1271,#1344,#703,.T.);
#1678=EDGE_CURVE('',#1344,#1343,#704,.T.);
#1679=EDGE_CURVE('',#1270,#1345,#705,.T.);
#1680=EDGE_CURVE('',#1345,#1344,#706,.T.);
#1681=EDGE_CURVE('',#1269,#1346,#707,.T.);
#1682=EDGE_CURVE('',#1346,#1345,#708,.T.);
#1683=EDGE_CURVE('',#1268,#1347,#709,.T.);
#1684=EDGE_CURVE('',#1347,#1346,#710,.T.);
#1685=EDGE_CURVE('',#1267,#1348,#711,.T.);
#1686=EDGE_CURVE('',#1348,#1347,#712,.T.);
#1687=EDGE_CURVE('',#1266,#1349,#713,.T.);
#1688=EDGE_CURVE('',#1349,#1348,#714,.T.);
#1689=EDGE_CURVE('',#1265,#1350,#715,.T.);
#1690=EDGE_CURVE('',#1350,#1349,#716,.T.);
#1691=EDGE_CURVE('',#1340,#1350,#717,.T.);
#1692=EDGE_CURVE('',#1275,#1351,#718,.T.);
#1693=EDGE_CURVE('',#1351,#1352,#719,.T.);
#1694=EDGE_CURVE('',#1276,#1352,#720,.T.);
#1695=EDGE_CURVE('',#1280,#1353,#721,.T.);
#1696=EDGE_CURVE('',#1353,#1351,#722,.T.);
#1697=EDGE_CURVE('',#1279,#1354,#723,.T.);
#1698=EDGE_CURVE('',#1354,#1353,#724,.T.);
#1699=EDGE_CURVE('',#1278,#1355,#725,.T.);
#1700=EDGE_CURVE('',#1355,#1354,#726,.T.);
#1701=EDGE_CURVE('',#1277,#1356,#727,.T.);
#1702=EDGE_CURVE('',#1356,#1355,#728,.T.);
#1703=EDGE_CURVE('',#1352,#1356,#729,.T.);
#1704=EDGE_CURVE('',#1281,#1357,#730,.T.);
#1705=EDGE_CURVE('',#1357,#1358,#731,.T.);
#1706=EDGE_CURVE('',#1282,#1358,#732,.T.);
#1707=EDGE_CURVE('',#1292,#1359,#733,.T.);
#1708=EDGE_CURVE('',#1359,#1357,#734,.T.);
#1709=EDGE_CURVE('',#1291,#1360,#735,.T.);
#1710=EDGE_CURVE('',#1360,#1359,#736,.T.);
#1711=EDGE_CURVE('',#1290,#1361,#737,.T.);
#1712=EDGE_CURVE('',#1361,#1360,#738,.T.);
#1713=EDGE_CURVE('',#1289,#1362,#739,.T.);
#1714=EDGE_CURVE('',#1362,#1361,#740,.T.);
#1715=EDGE_CURVE('',#1288,#1363,#741,.T.);
#1716=EDGE_CURVE('',#1363,#1362,#742,.T.);
#1717=EDGE_CURVE('',#1287,#1364,#743,.T.);
#1718=EDGE_CURVE('',#1364,#1363,#744,.T.);
#1719=EDGE_CURVE('',#1286,#1365,#745,.T.);
#1720=EDGE_CURVE('',#1365,#1364,#746,.T.);
#1721=EDGE_CURVE('',#1285,#1366,#747,.T.);
#1722=EDGE_CURVE('',#1366,#1365,#748,.T.);
#1723=EDGE_CURVE('',#1284,#1367,#749,.T.);
#1724=EDGE_CURVE('',#1367,#1366,#750,.T.);
#1725=EDGE_CURVE('',#1283,#1368,#751,.T.);
#1726=EDGE_CURVE('',#1368,#1367,#752,.T.);
#1727=EDGE_CURVE('',#1358,#1368,#753,.T.);
#1728=EDGE_CURVE('',#1369,#1370,#754,.T.);
#1729=EDGE_CURVE('',#1369,#1157,#755,.T.);
#1730=EDGE_CURVE('',#1370,#1160,#756,.T.);
#1731=EDGE_CURVE('',#1371,#1369,#757,.T.);
#1732=EDGE_CURVE('',#1371,#1158,#758,.T.);
#1733=EDGE_CURVE('',#1370,#1372,#759,.T.);
#1734=EDGE_CURVE('',#1372,#1159,#760,.T.);
#1735=EDGE_CURVE('',#1372,#1371,#761,.T.);
#1736=EDGE_CURVE('',#1373,#1223,#762,.T.);
#1737=EDGE_CURVE('',#1373,#1156,#763,.T.);
#1738=EDGE_CURVE('',#1374,#1373,#764,.T.);
#1739=EDGE_CURVE('',#1374,#1155,#765,.T.);
#1740=EDGE_CURVE('',#1224,#1374,#766,.T.);
#1741=ORIENTED_EDGE('',*,*,#1375,.F.);
#1742=ORIENTED_EDGE('',*,*,#1376,.T.);
#1743=ORIENTED_EDGE('',*,*,#1377,.F.);
#1744=ORIENTED_EDGE('',*,*,#1376,.F.);
#1745=ORIENTED_EDGE('',*,*,#1375,.T.);
#1746=ORIENTED_EDGE('',*,*,#1378,.F.);
#1747=ORIENTED_EDGE('',*,*,#1379,.T.);
#1748=ORIENTED_EDGE('',*,*,#1380,.F.);
#1749=ORIENTED_EDGE('',*,*,#1379,.F.);
#1750=ORIENTED_EDGE('',*,*,#1378,.T.);
#1751=ORIENTED_EDGE('',*,*,#1381,.F.);
#1752=ORIENTED_EDGE('',*,*,#1382,.T.);
#1753=ORIENTED_EDGE('',*,*,#1383,.F.);
#1754=ORIENTED_EDGE('',*,*,#1382,.F.);
#1755=ORIENTED_EDGE('',*,*,#1381,.T.);
#1756=ORIENTED_EDGE('',*,*,#1384,.F.);
#1757=ORIENTED_EDGE('',*,*,#1385,.T.);
#1758=ORIENTED_EDGE('',*,*,#1386,.F.);
#1759=ORIENTED_EDGE('',*,*,#1385,.F.);
#1760=ORIENTED_EDGE('',*,*,#1384,.T.);
#1761=ORIENTED_EDGE('',*,*,#1387,.F.);
#1762=ORIENTED_EDGE('',*,*,#1388,.T.);
#1763=ORIENTED_EDGE('',*,*,#1389,.F.);
#1764=ORIENTED_EDGE('',*,*,#1390,.F.);
#1765=ORIENTED_EDGE('',*,*,#1391,.F.);
#1766=ORIENTED_EDGE('',*,*,#1390,.T.);
#1767=ORIENTED_EDGE('',*,*,#1392,.F.);
#1768=ORIENTED_EDGE('',*,*,#1393,.F.);
#1769=ORIENTED_EDGE('',*,*,#1394,.F.);
#1770=ORIENTED_EDGE('',*,*,#1395,.T.);
#1771=ORIENTED_EDGE('',*,*,#1396,.F.);
#1772=ORIENTED_EDGE('',*,*,#1397,.F.);
#1773=ORIENTED_EDGE('',*,*,#1398,.F.);
#1774=ORIENTED_EDGE('',*,*,#1397,.T.);
#1775=ORIENTED_EDGE('',*,*,#1399,.F.);
#1776=ORIENTED_EDGE('',*,*,#1400,.F.);
#1777=ORIENTED_EDGE('',*,*,#1401,.F.);
#1778=ORIENTED_EDGE('',*,*,#1400,.T.);
#1779=ORIENTED_EDGE('',*,*,#1402,.F.);
#1780=ORIENTED_EDGE('',*,*,#1388,.F.);
#1781=ORIENTED_EDGE('',*,*,#1402,.T.);
#1782=ORIENTED_EDGE('',*,*,#1399,.T.);
#1783=ORIENTED_EDGE('',*,*,#1396,.T.);
#1784=ORIENTED_EDGE('',*,*,#1403,.T.);
#1785=ORIENTED_EDGE('',*,*,#1404,.T.);
#1786=ORIENTED_EDGE('',*,*,#1405,.T.);
#1787=ORIENTED_EDGE('',*,*,#1392,.T.);
#1788=ORIENTED_EDGE('',*,*,#1389,.T.);
#1789=ORIENTED_EDGE('',*,*,#1394,.T.);
#1790=ORIENTED_EDGE('',*,*,#1398,.T.);
#1791=ORIENTED_EDGE('',*,*,#1401,.T.);
#1792=ORIENTED_EDGE('',*,*,#1387,.T.);
#1793=ORIENTED_EDGE('',*,*,#1391,.T.);
#1794=ORIENTED_EDGE('',*,*,#1406,.T.);
#1795=ORIENTED_EDGE('',*,*,#1407,.T.);
#1796=ORIENTED_EDGE('',*,*,#1408,.T.);
#1797=ORIENTED_EDGE('',*,*,#1409,.T.);
#1798=ORIENTED_EDGE('',*,*,#1410,.T.);
#1799=ORIENTED_EDGE('',*,*,#1411,.T.);
#1800=ORIENTED_EDGE('',*,*,#1412,.T.);
#1801=ORIENTED_EDGE('',*,*,#1413,.F.);
#1802=ORIENTED_EDGE('',*,*,#1414,.T.);
#1803=ORIENTED_EDGE('',*,*,#1415,.T.);
#1804=ORIENTED_EDGE('',*,*,#1416,.F.);
#1805=ORIENTED_EDGE('',*,*,#1417,.F.);
#1806=ORIENTED_EDGE('',*,*,#1418,.T.);
#1807=ORIENTED_EDGE('',*,*,#1419,.T.);
#1808=ORIENTED_EDGE('',*,*,#1420,.F.);
#1809=ORIENTED_EDGE('',*,*,#1421,.F.);
#1810=ORIENTED_EDGE('',*,*,#1422,.T.);
#1811=ORIENTED_EDGE('',*,*,#1423,.T.);
#1812=ORIENTED_EDGE('',*,*,#1418,.F.);
#1813=ORIENTED_EDGE('',*,*,#1424,.F.);
#1814=ORIENTED_EDGE('',*,*,#1425,.T.);
#1815=ORIENTED_EDGE('',*,*,#1426,.T.);
#1816=ORIENTED_EDGE('',*,*,#1422,.F.);
#1817=ORIENTED_EDGE('',*,*,#1427,.F.);
#1818=ORIENTED_EDGE('',*,*,#1428,.T.);
#1819=ORIENTED_EDGE('',*,*,#1429,.T.);
#1820=ORIENTED_EDGE('',*,*,#1425,.F.);
#1821=ORIENTED_EDGE('',*,*,#1430,.F.);
#1822=ORIENTED_EDGE('',*,*,#1420,.T.);
#1823=ORIENTED_EDGE('',*,*,#1431,.T.);
#1824=ORIENTED_EDGE('',*,*,#1428,.F.);
#1825=ORIENTED_EDGE('',*,*,#1432,.F.);
#1826=ORIENTED_EDGE('',*,*,#1433,.T.);
#1827=ORIENTED_EDGE('',*,*,#1434,.T.);
#1828=ORIENTED_EDGE('',*,*,#1414,.F.);
#1829=ORIENTED_EDGE('',*,*,#1435,.F.);
#1830=ORIENTED_EDGE('',*,*,#1436,.T.);
#1831=ORIENTED_EDGE('',*,*,#1437,.T.);
#1832=ORIENTED_EDGE('',*,*,#1433,.F.);
#1833=ORIENTED_EDGE('',*,*,#1438,.F.);
#1834=ORIENTED_EDGE('',*,*,#1439,.T.);
#1835=ORIENTED_EDGE('',*,*,#1440,.T.);
#1836=ORIENTED_EDGE('',*,*,#1436,.F.);
#1837=ORIENTED_EDGE('',*,*,#1441,.F.);
#1838=ORIENTED_EDGE('',*,*,#1442,.T.);
#1839=ORIENTED_EDGE('',*,*,#1443,.T.);
#1840=ORIENTED_EDGE('',*,*,#1439,.F.);
#1841=ORIENTED_EDGE('',*,*,#1444,.F.);
#1842=ORIENTED_EDGE('',*,*,#1445,.T.);
#1843=ORIENTED_EDGE('',*,*,#1446,.T.);
#1844=ORIENTED_EDGE('',*,*,#1442,.F.);
#1845=ORIENTED_EDGE('',*,*,#1447,.F.);
#1846=ORIENTED_EDGE('',*,*,#1448,.T.);
#1847=ORIENTED_EDGE('',*,*,#1449,.T.);
#1848=ORIENTED_EDGE('',*,*,#1445,.F.);
#1849=ORIENTED_EDGE('',*,*,#1450,.F.);
#1850=ORIENTED_EDGE('',*,*,#1451,.T.);
#1851=ORIENTED_EDGE('',*,*,#1452,.T.);
#1852=ORIENTED_EDGE('',*,*,#1448,.F.);
#1853=ORIENTED_EDGE('',*,*,#1453,.F.);
#1854=ORIENTED_EDGE('',*,*,#1416,.T.);
#1855=ORIENTED_EDGE('',*,*,#1454,.T.);
#1856=ORIENTED_EDGE('',*,*,#1451,.F.);
#1857=ORIENTED_EDGE('',*,*,#1455,.F.);
#1858=ORIENTED_EDGE('',*,*,#1456,.T.);
#1859=ORIENTED_EDGE('',*,*,#1457,.T.);
#1860=ORIENTED_EDGE('',*,*,#1458,.F.);
#1861=ORIENTED_EDGE('',*,*,#1459,.F.);
#1862=ORIENTED_EDGE('',*,*,#1460,.T.);
#1863=ORIENTED_EDGE('',*,*,#1461,.T.);
#1864=ORIENTED_EDGE('',*,*,#1456,.F.);
#1865=ORIENTED_EDGE('',*,*,#1462,.F.);
#1866=ORIENTED_EDGE('',*,*,#1463,.T.);
#1867=ORIENTED_EDGE('',*,*,#1464,.T.);
#1868=ORIENTED_EDGE('',*,*,#1460,.F.);
#1869=ORIENTED_EDGE('',*,*,#1465,.F.);
#1870=ORIENTED_EDGE('',*,*,#1466,.T.);
#1871=ORIENTED_EDGE('',*,*,#1467,.T.);
#1872=ORIENTED_EDGE('',*,*,#1463,.F.);
#1873=ORIENTED_EDGE('',*,*,#1468,.F.);
#1874=ORIENTED_EDGE('',*,*,#1469,.T.);
#1875=ORIENTED_EDGE('',*,*,#1470,.T.);
#1876=ORIENTED_EDGE('',*,*,#1466,.F.);
#1877=ORIENTED_EDGE('',*,*,#1471,.F.);
#1878=ORIENTED_EDGE('',*,*,#1472,.T.);
#1879=ORIENTED_EDGE('',*,*,#1473,.T.);
#1880=ORIENTED_EDGE('',*,*,#1469,.F.);
#1881=ORIENTED_EDGE('',*,*,#1474,.F.);
#1882=ORIENTED_EDGE('',*,*,#1475,.T.);
#1883=ORIENTED_EDGE('',*,*,#1476,.T.);
#1884=ORIENTED_EDGE('',*,*,#1472,.F.);
#1885=ORIENTED_EDGE('',*,*,#1477,.F.);
#1886=ORIENTED_EDGE('',*,*,#1478,.T.);
#1887=ORIENTED_EDGE('',*,*,#1479,.T.);
#1888=ORIENTED_EDGE('',*,*,#1475,.F.);
#1889=ORIENTED_EDGE('',*,*,#1480,.F.);
#1890=ORIENTED_EDGE('',*,*,#1481,.T.);
#1891=ORIENTED_EDGE('',*,*,#1482,.T.);
#1892=ORIENTED_EDGE('',*,*,#1478,.F.);
#1893=ORIENTED_EDGE('',*,*,#1483,.F.);
#1894=ORIENTED_EDGE('',*,*,#1484,.T.);
#1895=ORIENTED_EDGE('',*,*,#1485,.T.);
#1896=ORIENTED_EDGE('',*,*,#1481,.F.);
#1897=ORIENTED_EDGE('',*,*,#1486,.F.);
#1898=ORIENTED_EDGE('',*,*,#1487,.T.);
#1899=ORIENTED_EDGE('',*,*,#1488,.T.);
#1900=ORIENTED_EDGE('',*,*,#1484,.F.);
#1901=ORIENTED_EDGE('',*,*,#1489,.F.);
#1902=ORIENTED_EDGE('',*,*,#1490,.T.);
#1903=ORIENTED_EDGE('',*,*,#1491,.T.);
#1904=ORIENTED_EDGE('',*,*,#1487,.F.);
#1905=ORIENTED_EDGE('',*,*,#1492,.F.);
#1906=ORIENTED_EDGE('',*,*,#1493,.T.);
#1907=ORIENTED_EDGE('',*,*,#1494,.T.);
#1908=ORIENTED_EDGE('',*,*,#1490,.F.);
#1909=ORIENTED_EDGE('',*,*,#1495,.F.);
#1910=ORIENTED_EDGE('',*,*,#1496,.T.);
#1911=ORIENTED_EDGE('',*,*,#1497,.T.);
#1912=ORIENTED_EDGE('',*,*,#1493,.F.);
#1913=ORIENTED_EDGE('',*,*,#1498,.F.);
#1914=ORIENTED_EDGE('',*,*,#1499,.T.);
#1915=ORIENTED_EDGE('',*,*,#1500,.T.);
#1916=ORIENTED_EDGE('',*,*,#1496,.F.);
#1917=ORIENTED_EDGE('',*,*,#1501,.F.);
#1918=ORIENTED_EDGE('',*,*,#1502,.T.);
#1919=ORIENTED_EDGE('',*,*,#1503,.T.);
#1920=ORIENTED_EDGE('',*,*,#1499,.F.);
#1921=ORIENTED_EDGE('',*,*,#1504,.F.);
#1922=ORIENTED_EDGE('',*,*,#1505,.T.);
#1923=ORIENTED_EDGE('',*,*,#1506,.T.);
#1924=ORIENTED_EDGE('',*,*,#1502,.F.);
#1925=ORIENTED_EDGE('',*,*,#1507,.F.);
#1926=ORIENTED_EDGE('',*,*,#1458,.T.);
#1927=ORIENTED_EDGE('',*,*,#1508,.T.);
#1928=ORIENTED_EDGE('',*,*,#1505,.F.);
#1929=ORIENTED_EDGE('',*,*,#1508,.F.);
#1930=ORIENTED_EDGE('',*,*,#1457,.F.);
#1931=ORIENTED_EDGE('',*,*,#1461,.F.);
#1932=ORIENTED_EDGE('',*,*,#1464,.F.);
#1933=ORIENTED_EDGE('',*,*,#1467,.F.);
#1934=ORIENTED_EDGE('',*,*,#1470,.F.);
#1935=ORIENTED_EDGE('',*,*,#1473,.F.);
#1936=ORIENTED_EDGE('',*,*,#1476,.F.);
#1937=ORIENTED_EDGE('',*,*,#1479,.F.);
#1938=ORIENTED_EDGE('',*,*,#1482,.F.);
#1939=ORIENTED_EDGE('',*,*,#1485,.F.);
#1940=ORIENTED_EDGE('',*,*,#1488,.F.);
#1941=ORIENTED_EDGE('',*,*,#1491,.F.);
#1942=ORIENTED_EDGE('',*,*,#1494,.F.);
#1943=ORIENTED_EDGE('',*,*,#1497,.F.);
#1944=ORIENTED_EDGE('',*,*,#1500,.F.);
#1945=ORIENTED_EDGE('',*,*,#1503,.F.);
#1946=ORIENTED_EDGE('',*,*,#1506,.F.);
#1947=ORIENTED_EDGE('',*,*,#1454,.F.);
#1948=ORIENTED_EDGE('',*,*,#1415,.F.);
#1949=ORIENTED_EDGE('',*,*,#1419,.F.);
#1950=ORIENTED_EDGE('',*,*,#1423,.F.);
#1951=ORIENTED_EDGE('',*,*,#1426,.F.);
#1952=ORIENTED_EDGE('',*,*,#1429,.F.);
#1953=ORIENTED_EDGE('',*,*,#1431,.F.);
#1954=ORIENTED_EDGE('',*,*,#1434,.F.);
#1955=ORIENTED_EDGE('',*,*,#1437,.F.);
#1956=ORIENTED_EDGE('',*,*,#1440,.F.);
#1957=ORIENTED_EDGE('',*,*,#1443,.F.);
#1958=ORIENTED_EDGE('',*,*,#1446,.F.);
#1959=ORIENTED_EDGE('',*,*,#1449,.F.);
#1960=ORIENTED_EDGE('',*,*,#1452,.F.);
#1961=ORIENTED_EDGE('',*,*,#1430,.T.);
#1962=ORIENTED_EDGE('',*,*,#1427,.T.);
#1963=ORIENTED_EDGE('',*,*,#1424,.T.);
#1964=ORIENTED_EDGE('',*,*,#1421,.T.);
#1965=ORIENTED_EDGE('',*,*,#1417,.T.);
#1966=ORIENTED_EDGE('',*,*,#1509,.T.);
#1967=ORIENTED_EDGE('',*,*,#1510,.T.);
#1968=ORIENTED_EDGE('',*,*,#1404,.F.);
#1969=ORIENTED_EDGE('',*,*,#1511,.F.);
#1970=ORIENTED_EDGE('',*,*,#1512,.T.);
#1971=ORIENTED_EDGE('',*,*,#1513,.T.);
#1972=ORIENTED_EDGE('',*,*,#1514,.T.);
#1973=ORIENTED_EDGE('',*,*,#1515,.T.);
#1974=ORIENTED_EDGE('',*,*,#1516,.T.);
#1975=ORIENTED_EDGE('',*,*,#1517,.T.);
#1976=ORIENTED_EDGE('',*,*,#1518,.T.);
#1977=ORIENTED_EDGE('',*,*,#1519,.T.);
#1978=ORIENTED_EDGE('',*,*,#1520,.T.);
#1979=ORIENTED_EDGE('',*,*,#1521,.T.);
#1980=ORIENTED_EDGE('',*,*,#1522,.T.);
#1981=ORIENTED_EDGE('',*,*,#1523,.T.);
#1982=ORIENTED_EDGE('',*,*,#1524,.T.);
#1983=ORIENTED_EDGE('',*,*,#1525,.T.);
#1984=ORIENTED_EDGE('',*,*,#1526,.T.);
#1985=ORIENTED_EDGE('',*,*,#1527,.T.);
#1986=ORIENTED_EDGE('',*,*,#1528,.T.);
#1987=ORIENTED_EDGE('',*,*,#1529,.T.);
#1988=ORIENTED_EDGE('',*,*,#1530,.T.);
#1989=ORIENTED_EDGE('',*,*,#1531,.T.);
#1990=ORIENTED_EDGE('',*,*,#1532,.T.);
#1991=ORIENTED_EDGE('',*,*,#1533,.T.);
#1992=ORIENTED_EDGE('',*,*,#1534,.T.);
#1993=ORIENTED_EDGE('',*,*,#1535,.T.);
#1994=ORIENTED_EDGE('',*,*,#1536,.T.);
#1995=ORIENTED_EDGE('',*,*,#1537,.T.);
#1996=ORIENTED_EDGE('',*,*,#1538,.T.);
#1997=ORIENTED_EDGE('',*,*,#1539,.T.);
#1998=ORIENTED_EDGE('',*,*,#1540,.T.);
#1999=ORIENTED_EDGE('',*,*,#1541,.T.);
#2000=ORIENTED_EDGE('',*,*,#1542,.T.);
#2001=ORIENTED_EDGE('',*,*,#1543,.T.);
#2002=ORIENTED_EDGE('',*,*,#1544,.T.);
#2003=ORIENTED_EDGE('',*,*,#1545,.T.);
#2004=ORIENTED_EDGE('',*,*,#1546,.T.);
#2005=ORIENTED_EDGE('',*,*,#1547,.T.);
#2006=ORIENTED_EDGE('',*,*,#1548,.T.);
#2007=ORIENTED_EDGE('',*,*,#1549,.T.);
#2008=ORIENTED_EDGE('',*,*,#1550,.T.);
#2009=ORIENTED_EDGE('',*,*,#1551,.T.);
#2010=ORIENTED_EDGE('',*,*,#1552,.T.);
#2011=ORIENTED_EDGE('',*,*,#1553,.T.);
#2012=ORIENTED_EDGE('',*,*,#1554,.T.);
#2013=ORIENTED_EDGE('',*,*,#1555,.T.);
#2014=ORIENTED_EDGE('',*,*,#1556,.T.);
#2015=ORIENTED_EDGE('',*,*,#1557,.T.);
#2016=ORIENTED_EDGE('',*,*,#1558,.T.);
#2017=ORIENTED_EDGE('',*,*,#1559,.T.);
#2018=ORIENTED_EDGE('',*,*,#1560,.T.);
#2019=ORIENTED_EDGE('',*,*,#1561,.T.);
#2020=ORIENTED_EDGE('',*,*,#1562,.T.);
#2021=ORIENTED_EDGE('',*,*,#1563,.T.);
#2022=ORIENTED_EDGE('',*,*,#1564,.T.);
#2023=ORIENTED_EDGE('',*,*,#1565,.T.);
#2024=ORIENTED_EDGE('',*,*,#1566,.T.);
#2025=ORIENTED_EDGE('',*,*,#1567,.T.);
#2026=ORIENTED_EDGE('',*,*,#1568,.T.);
#2027=ORIENTED_EDGE('',*,*,#1569,.T.);
#2028=ORIENTED_EDGE('',*,*,#1570,.T.);
#2029=ORIENTED_EDGE('',*,*,#1571,.T.);
#2030=ORIENTED_EDGE('',*,*,#1572,.T.);
#2031=ORIENTED_EDGE('',*,*,#1573,.T.);
#2032=ORIENTED_EDGE('',*,*,#1574,.T.);
#2033=ORIENTED_EDGE('',*,*,#1575,.T.);
#2034=ORIENTED_EDGE('',*,*,#1576,.T.);
#2035=ORIENTED_EDGE('',*,*,#1577,.T.);
#2036=ORIENTED_EDGE('',*,*,#1578,.T.);
#2037=ORIENTED_EDGE('',*,*,#1579,.T.);
#2038=ORIENTED_EDGE('',*,*,#1455,.T.);
#2039=ORIENTED_EDGE('',*,*,#1507,.T.);
#2040=ORIENTED_EDGE('',*,*,#1504,.T.);
#2041=ORIENTED_EDGE('',*,*,#1501,.T.);
#2042=ORIENTED_EDGE('',*,*,#1498,.T.);
#2043=ORIENTED_EDGE('',*,*,#1495,.T.);
#2044=ORIENTED_EDGE('',*,*,#1492,.T.);
#2045=ORIENTED_EDGE('',*,*,#1489,.T.);
#2046=ORIENTED_EDGE('',*,*,#1486,.T.);
#2047=ORIENTED_EDGE('',*,*,#1483,.T.);
#2048=ORIENTED_EDGE('',*,*,#1480,.T.);
#2049=ORIENTED_EDGE('',*,*,#1477,.T.);
#2050=ORIENTED_EDGE('',*,*,#1474,.T.);
#2051=ORIENTED_EDGE('',*,*,#1471,.T.);
#2052=ORIENTED_EDGE('',*,*,#1468,.T.);
#2053=ORIENTED_EDGE('',*,*,#1465,.T.);
#2054=ORIENTED_EDGE('',*,*,#1462,.T.);
#2055=ORIENTED_EDGE('',*,*,#1459,.T.);
#2056=ORIENTED_EDGE('',*,*,#1512,.F.);
#2057=ORIENTED_EDGE('',*,*,#1580,.T.);
#2058=ORIENTED_EDGE('',*,*,#1581,.T.);
#2059=ORIENTED_EDGE('',*,*,#1582,.F.);
#2060=ORIENTED_EDGE('',*,*,#1517,.F.);
#2061=ORIENTED_EDGE('',*,*,#1583,.T.);
#2062=ORIENTED_EDGE('',*,*,#1584,.T.);
#2063=ORIENTED_EDGE('',*,*,#1580,.F.);
#2064=ORIENTED_EDGE('',*,*,#1516,.F.);
#2065=ORIENTED_EDGE('',*,*,#1585,.T.);
#2066=ORIENTED_EDGE('',*,*,#1586,.T.);
#2067=ORIENTED_EDGE('',*,*,#1583,.F.);
#2068=ORIENTED_EDGE('',*,*,#1515,.F.);
#2069=ORIENTED_EDGE('',*,*,#1587,.T.);
#2070=ORIENTED_EDGE('',*,*,#1588,.T.);
#2071=ORIENTED_EDGE('',*,*,#1585,.F.);
#2072=ORIENTED_EDGE('',*,*,#1514,.F.);
#2073=ORIENTED_EDGE('',*,*,#1589,.T.);
#2074=ORIENTED_EDGE('',*,*,#1590,.T.);
#2075=ORIENTED_EDGE('',*,*,#1587,.F.);
#2076=ORIENTED_EDGE('',*,*,#1513,.F.);
#2077=ORIENTED_EDGE('',*,*,#1582,.T.);
#2078=ORIENTED_EDGE('',*,*,#1591,.T.);
#2079=ORIENTED_EDGE('',*,*,#1589,.F.);
#2080=ORIENTED_EDGE('',*,*,#1591,.F.);
#2081=ORIENTED_EDGE('',*,*,#1581,.F.);
#2082=ORIENTED_EDGE('',*,*,#1584,.F.);
#2083=ORIENTED_EDGE('',*,*,#1586,.F.);
#2084=ORIENTED_EDGE('',*,*,#1588,.F.);
#2085=ORIENTED_EDGE('',*,*,#1590,.F.);
#2086=ORIENTED_EDGE('',*,*,#1518,.F.);
#2087=ORIENTED_EDGE('',*,*,#1592,.T.);
#2088=ORIENTED_EDGE('',*,*,#1593,.T.);
#2089=ORIENTED_EDGE('',*,*,#1594,.F.);
#2090=ORIENTED_EDGE('',*,*,#1527,.F.);
#2091=ORIENTED_EDGE('',*,*,#1595,.T.);
#2092=ORIENTED_EDGE('',*,*,#1596,.T.);
#2093=ORIENTED_EDGE('',*,*,#1592,.F.);
#2094=ORIENTED_EDGE('',*,*,#1526,.F.);
#2095=ORIENTED_EDGE('',*,*,#1597,.T.);
#2096=ORIENTED_EDGE('',*,*,#1598,.T.);
#2097=ORIENTED_EDGE('',*,*,#1595,.F.);
#2098=ORIENTED_EDGE('',*,*,#1525,.F.);
#2099=ORIENTED_EDGE('',*,*,#1599,.T.);
#2100=ORIENTED_EDGE('',*,*,#1600,.T.);
#2101=ORIENTED_EDGE('',*,*,#1597,.F.);
#2102=ORIENTED_EDGE('',*,*,#1524,.F.);
#2103=ORIENTED_EDGE('',*,*,#1601,.T.);
#2104=ORIENTED_EDGE('',*,*,#1602,.T.);
#2105=ORIENTED_EDGE('',*,*,#1599,.F.);
#2106=ORIENTED_EDGE('',*,*,#1523,.F.);
#2107=ORIENTED_EDGE('',*,*,#1603,.T.);
#2108=ORIENTED_EDGE('',*,*,#1604,.T.);
#2109=ORIENTED_EDGE('',*,*,#1601,.F.);
#2110=ORIENTED_EDGE('',*,*,#1522,.F.);
#2111=ORIENTED_EDGE('',*,*,#1605,.T.);
#2112=ORIENTED_EDGE('',*,*,#1606,.T.);
#2113=ORIENTED_EDGE('',*,*,#1603,.F.);
#2114=ORIENTED_EDGE('',*,*,#1521,.F.);
#2115=ORIENTED_EDGE('',*,*,#1607,.T.);
#2116=ORIENTED_EDGE('',*,*,#1608,.T.);
#2117=ORIENTED_EDGE('',*,*,#1605,.F.);
#2118=ORIENTED_EDGE('',*,*,#1520,.F.);
#2119=ORIENTED_EDGE('',*,*,#1609,.T.);
#2120=ORIENTED_EDGE('',*,*,#1610,.T.);
#2121=ORIENTED_EDGE('',*,*,#1607,.F.);
#2122=ORIENTED_EDGE('',*,*,#1519,.F.);
#2123=ORIENTED_EDGE('',*,*,#1594,.T.);
#2124=ORIENTED_EDGE('',*,*,#1611,.T.);
#2125=ORIENTED_EDGE('',*,*,#1609,.F.);
#2126=ORIENTED_EDGE('',*,*,#1611,.F.);
#2127=ORIENTED_EDGE('',*,*,#1593,.F.);
#2128=ORIENTED_EDGE('',*,*,#1596,.F.);
#2129=ORIENTED_EDGE('',*,*,#1598,.F.);
#2130=ORIENTED_EDGE('',*,*,#1600,.F.);
#2131=ORIENTED_EDGE('',*,*,#1602,.F.);
#2132=ORIENTED_EDGE('',*,*,#1604,.F.);
#2133=ORIENTED_EDGE('',*,*,#1606,.F.);
#2134=ORIENTED_EDGE('',*,*,#1608,.F.);
#2135=ORIENTED_EDGE('',*,*,#1610,.F.);
#2136=ORIENTED_EDGE('',*,*,#1528,.F.);
#2137=ORIENTED_EDGE('',*,*,#1612,.T.);
#2138=ORIENTED_EDGE('',*,*,#1613,.T.);
#2139=ORIENTED_EDGE('',*,*,#1614,.F.);
#2140=ORIENTED_EDGE('',*,*,#1531,.F.);
#2141=ORIENTED_EDGE('',*,*,#1615,.T.);
#2142=ORIENTED_EDGE('',*,*,#1616,.T.);
#2143=ORIENTED_EDGE('',*,*,#1612,.F.);
#2144=ORIENTED_EDGE('',*,*,#1530,.F.);
#2145=ORIENTED_EDGE('',*,*,#1617,.T.);
#2146=ORIENTED_EDGE('',*,*,#1618,.T.);
#2147=ORIENTED_EDGE('',*,*,#1615,.F.);
#2148=ORIENTED_EDGE('',*,*,#1529,.F.);
#2149=ORIENTED_EDGE('',*,*,#1614,.T.);
#2150=ORIENTED_EDGE('',*,*,#1619,.T.);
#2151=ORIENTED_EDGE('',*,*,#1617,.F.);
#2152=ORIENTED_EDGE('',*,*,#1619,.F.);
#2153=ORIENTED_EDGE('',*,*,#1613,.F.);
#2154=ORIENTED_EDGE('',*,*,#1616,.F.);
#2155=ORIENTED_EDGE('',*,*,#1618,.F.);
#2156=ORIENTED_EDGE('',*,*,#1620,.F.);
#2157=ORIENTED_EDGE('',*,*,#1621,.T.);
#2158=ORIENTED_EDGE('',*,*,#1622,.T.);
#2159=ORIENTED_EDGE('',*,*,#1623,.F.);
#2160=ORIENTED_EDGE('',*,*,#1624,.F.);
#2161=ORIENTED_EDGE('',*,*,#1625,.T.);
#2162=ORIENTED_EDGE('',*,*,#1626,.T.);
#2163=ORIENTED_EDGE('',*,*,#1621,.F.);
#2164=ORIENTED_EDGE('',*,*,#1627,.F.);
#2165=ORIENTED_EDGE('',*,*,#1628,.T.);
#2166=ORIENTED_EDGE('',*,*,#1629,.T.);
#2167=ORIENTED_EDGE('',*,*,#1625,.F.);
#2168=ORIENTED_EDGE('',*,*,#1630,.F.);
#2169=ORIENTED_EDGE('',*,*,#1623,.T.);
#2170=ORIENTED_EDGE('',*,*,#1631,.T.);
#2171=ORIENTED_EDGE('',*,*,#1628,.F.);
#2172=ORIENTED_EDGE('',*,*,#1532,.F.);
#2173=ORIENTED_EDGE('',*,*,#1632,.T.);
#2174=ORIENTED_EDGE('',*,*,#1633,.T.);
#2175=ORIENTED_EDGE('',*,*,#1634,.F.);
#2176=ORIENTED_EDGE('',*,*,#1539,.F.);
#2177=ORIENTED_EDGE('',*,*,#1635,.T.);
#2178=ORIENTED_EDGE('',*,*,#1636,.T.);
#2179=ORIENTED_EDGE('',*,*,#1632,.F.);
#2180=ORIENTED_EDGE('',*,*,#1538,.F.);
#2181=ORIENTED_EDGE('',*,*,#1637,.T.);
#2182=ORIENTED_EDGE('',*,*,#1638,.T.);
#2183=ORIENTED_EDGE('',*,*,#1635,.F.);
#2184=ORIENTED_EDGE('',*,*,#1537,.F.);
#2185=ORIENTED_EDGE('',*,*,#1639,.T.);
#2186=ORIENTED_EDGE('',*,*,#1640,.T.);
#2187=ORIENTED_EDGE('',*,*,#1637,.F.);
#2188=ORIENTED_EDGE('',*,*,#1536,.F.);
#2189=ORIENTED_EDGE('',*,*,#1641,.T.);
#2190=ORIENTED_EDGE('',*,*,#1642,.T.);
#2191=ORIENTED_EDGE('',*,*,#1639,.F.);
#2192=ORIENTED_EDGE('',*,*,#1535,.F.);
#2193=ORIENTED_EDGE('',*,*,#1643,.T.);
#2194=ORIENTED_EDGE('',*,*,#1644,.T.);
#2195=ORIENTED_EDGE('',*,*,#1641,.F.);
#2196=ORIENTED_EDGE('',*,*,#1534,.F.);
#2197=ORIENTED_EDGE('',*,*,#1645,.T.);
#2198=ORIENTED_EDGE('',*,*,#1646,.T.);
#2199=ORIENTED_EDGE('',*,*,#1643,.F.);
#2200=ORIENTED_EDGE('',*,*,#1533,.F.);
#2201=ORIENTED_EDGE('',*,*,#1634,.T.);
#2202=ORIENTED_EDGE('',*,*,#1647,.T.);
#2203=ORIENTED_EDGE('',*,*,#1645,.F.);
#2204=ORIENTED_EDGE('',*,*,#1647,.F.);
#2205=ORIENTED_EDGE('',*,*,#1633,.F.);
#2206=ORIENTED_EDGE('',*,*,#1636,.F.);
#2207=ORIENTED_EDGE('',*,*,#1638,.F.);
#2208=ORIENTED_EDGE('',*,*,#1640,.F.);
#2209=ORIENTED_EDGE('',*,*,#1642,.F.);
#2210=ORIENTED_EDGE('',*,*,#1644,.F.);
#2211=ORIENTED_EDGE('',*,*,#1646,.F.);
#2212=ORIENTED_EDGE('',*,*,#1631,.F.);
#2213=ORIENTED_EDGE('',*,*,#1622,.F.);
#2214=ORIENTED_EDGE('',*,*,#1626,.F.);
#2215=ORIENTED_EDGE('',*,*,#1629,.F.);
#2216=ORIENTED_EDGE('',*,*,#1540,.F.);
#2217=ORIENTED_EDGE('',*,*,#1648,.T.);
#2218=ORIENTED_EDGE('',*,*,#1649,.T.);
#2219=ORIENTED_EDGE('',*,*,#1650,.F.);
#2220=ORIENTED_EDGE('',*,*,#1549,.F.);
#2221=ORIENTED_EDGE('',*,*,#1651,.T.);
#2222=ORIENTED_EDGE('',*,*,#1652,.T.);
#2223=ORIENTED_EDGE('',*,*,#1648,.F.);
#2224=ORIENTED_EDGE('',*,*,#1548,.F.);
#2225=ORIENTED_EDGE('',*,*,#1653,.T.);
#2226=ORIENTED_EDGE('',*,*,#1654,.T.);
#2227=ORIENTED_EDGE('',*,*,#1651,.F.);
#2228=ORIENTED_EDGE('',*,*,#1547,.F.);
#2229=ORIENTED_EDGE('',*,*,#1655,.T.);
#2230=ORIENTED_EDGE('',*,*,#1656,.T.);
#2231=ORIENTED_EDGE('',*,*,#1653,.F.);
#2232=ORIENTED_EDGE('',*,*,#1546,.F.);
#2233=ORIENTED_EDGE('',*,*,#1657,.T.);
#2234=ORIENTED_EDGE('',*,*,#1658,.T.);
#2235=ORIENTED_EDGE('',*,*,#1655,.F.);
#2236=ORIENTED_EDGE('',*,*,#1545,.F.);
#2237=ORIENTED_EDGE('',*,*,#1659,.T.);
#2238=ORIENTED_EDGE('',*,*,#1660,.T.);
#2239=ORIENTED_EDGE('',*,*,#1657,.F.);
#2240=ORIENTED_EDGE('',*,*,#1544,.F.);
#2241=ORIENTED_EDGE('',*,*,#1661,.T.);
#2242=ORIENTED_EDGE('',*,*,#1662,.T.);
#2243=ORIENTED_EDGE('',*,*,#1659,.F.);
#2244=ORIENTED_EDGE('',*,*,#1543,.F.);
#2245=ORIENTED_EDGE('',*,*,#1663,.T.);
#2246=ORIENTED_EDGE('',*,*,#1664,.T.);
#2247=ORIENTED_EDGE('',*,*,#1661,.F.);
#2248=ORIENTED_EDGE('',*,*,#1542,.F.);
#2249=ORIENTED_EDGE('',*,*,#1665,.T.);
#2250=ORIENTED_EDGE('',*,*,#1666,.T.);
#2251=ORIENTED_EDGE('',*,*,#1663,.F.);
#2252=ORIENTED_EDGE('',*,*,#1541,.F.);
#2253=ORIENTED_EDGE('',*,*,#1650,.T.);
#2254=ORIENTED_EDGE('',*,*,#1667,.T.);
#2255=ORIENTED_EDGE('',*,*,#1665,.F.);
#2256=ORIENTED_EDGE('',*,*,#1667,.F.);
#2257=ORIENTED_EDGE('',*,*,#1649,.F.);
#2258=ORIENTED_EDGE('',*,*,#1652,.F.);
#2259=ORIENTED_EDGE('',*,*,#1654,.F.);
#2260=ORIENTED_EDGE('',*,*,#1656,.F.);
#2261=ORIENTED_EDGE('',*,*,#1658,.F.);
#2262=ORIENTED_EDGE('',*,*,#1660,.F.);
#2263=ORIENTED_EDGE('',*,*,#1662,.F.);
#2264=ORIENTED_EDGE('',*,*,#1664,.F.);
#2265=ORIENTED_EDGE('',*,*,#1666,.F.);
#2266=ORIENTED_EDGE('',*,*,#1550,.F.);
#2267=ORIENTED_EDGE('',*,*,#1668,.T.);
#2268=ORIENTED_EDGE('',*,*,#1669,.T.);
#2269=ORIENTED_EDGE('',*,*,#1670,.F.);
#2270=ORIENTED_EDGE('',*,*,#1561,.F.);
#2271=ORIENTED_EDGE('',*,*,#1671,.T.);
#2272=ORIENTED_EDGE('',*,*,#1672,.T.);
#2273=ORIENTED_EDGE('',*,*,#1668,.F.);
#2274=ORIENTED_EDGE('',*,*,#1560,.F.);
#2275=ORIENTED_EDGE('',*,*,#1673,.T.);
#2276=ORIENTED_EDGE('',*,*,#1674,.T.);
#2277=ORIENTED_EDGE('',*,*,#1671,.F.);
#2278=ORIENTED_EDGE('',*,*,#1559,.F.);
#2279=ORIENTED_EDGE('',*,*,#1675,.T.);
#2280=ORIENTED_EDGE('',*,*,#1676,.T.);
#2281=ORIENTED_EDGE('',*,*,#1673,.F.);
#2282=ORIENTED_EDGE('',*,*,#1558,.F.);
#2283=ORIENTED_EDGE('',*,*,#1677,.T.);
#2284=ORIENTED_EDGE('',*,*,#1678,.T.);
#2285=ORIENTED_EDGE('',*,*,#1675,.F.);
#2286=ORIENTED_EDGE('',*,*,#1557,.F.);
#2287=ORIENTED_EDGE('',*,*,#1679,.T.);
#2288=ORIENTED_EDGE('',*,*,#1680,.T.);
#2289=ORIENTED_EDGE('',*,*,#1677,.F.);
#2290=ORIENTED_EDGE('',*,*,#1556,.F.);
#2291=ORIENTED_EDGE('',*,*,#1681,.T.);
#2292=ORIENTED_EDGE('',*,*,#1682,.T.);
#2293=ORIENTED_EDGE('',*,*,#1679,.F.);
#2294=ORIENTED_EDGE('',*,*,#1555,.F.);
#2295=ORIENTED_EDGE('',*,*,#1683,.T.);
#2296=ORIENTED_EDGE('',*,*,#1684,.T.);
#2297=ORIENTED_EDGE('',*,*,#1681,.F.);
#2298=ORIENTED_EDGE('',*,*,#1554,.F.);
#2299=ORIENTED_EDGE('',*,*,#1685,.T.);
#2300=ORIENTED_EDGE('',*,*,#1686,.T.);
#2301=ORIENTED_EDGE('',*,*,#1683,.F.);
#2302=ORIENTED_EDGE('',*,*,#1553,.F.);
#2303=ORIENTED_EDGE('',*,*,#1687,.T.);
#2304=ORIENTED_EDGE('',*,*,#1688,.T.);
#2305=ORIENTED_EDGE('',*,*,#1685,.F.);
#2306=ORIENTED_EDGE('',*,*,#1552,.F.);
#2307=ORIENTED_EDGE('',*,*,#1689,.T.);
#2308=ORIENTED_EDGE('',*,*,#1690,.T.);
#2309=ORIENTED_EDGE('',*,*,#1687,.F.);
#2310=ORIENTED_EDGE('',*,*,#1551,.F.);
#2311=ORIENTED_EDGE('',*,*,#1670,.T.);
#2312=ORIENTED_EDGE('',*,*,#1691,.T.);
#2313=ORIENTED_EDGE('',*,*,#1689,.F.);
#2314=ORIENTED_EDGE('',*,*,#1691,.F.);
#2315=ORIENTED_EDGE('',*,*,#1669,.F.);
#2316=ORIENTED_EDGE('',*,*,#1672,.F.);
#2317=ORIENTED_EDGE('',*,*,#1674,.F.);
#2318=ORIENTED_EDGE('',*,*,#1676,.F.);
#2319=ORIENTED_EDGE('',*,*,#1678,.F.);
#2320=ORIENTED_EDGE('',*,*,#1680,.F.);
#2321=ORIENTED_EDGE('',*,*,#1682,.F.);
#2322=ORIENTED_EDGE('',*,*,#1684,.F.);
#2323=ORIENTED_EDGE('',*,*,#1686,.F.);
#2324=ORIENTED_EDGE('',*,*,#1688,.F.);
#2325=ORIENTED_EDGE('',*,*,#1690,.F.);
#2326=ORIENTED_EDGE('',*,*,#1562,.F.);
#2327=ORIENTED_EDGE('',*,*,#1692,.T.);
#2328=ORIENTED_EDGE('',*,*,#1693,.T.);
#2329=ORIENTED_EDGE('',*,*,#1694,.F.);
#2330=ORIENTED_EDGE('',*,*,#1567,.F.);
#2331=ORIENTED_EDGE('',*,*,#1695,.T.);
#2332=ORIENTED_EDGE('',*,*,#1696,.T.);
#2333=ORIENTED_EDGE('',*,*,#1692,.F.);
#2334=ORIENTED_EDGE('',*,*,#1566,.F.);
#2335=ORIENTED_EDGE('',*,*,#1697,.T.);
#2336=ORIENTED_EDGE('',*,*,#1698,.T.);
#2337=ORIENTED_EDGE('',*,*,#1695,.F.);
#2338=ORIENTED_EDGE('',*,*,#1565,.F.);
#2339=ORIENTED_EDGE('',*,*,#1699,.T.);
#2340=ORIENTED_EDGE('',*,*,#1700,.T.);
#2341=ORIENTED_EDGE('',*,*,#1697,.F.);
#2342=ORIENTED_EDGE('',*,*,#1564,.F.);
#2343=ORIENTED_EDGE('',*,*,#1701,.T.);
#2344=ORIENTED_EDGE('',*,*,#1702,.T.);
#2345=ORIENTED_EDGE('',*,*,#1699,.F.);
#2346=ORIENTED_EDGE('',*,*,#1563,.F.);
#2347=ORIENTED_EDGE('',*,*,#1694,.T.);
#2348=ORIENTED_EDGE('',*,*,#1703,.T.);
#2349=ORIENTED_EDGE('',*,*,#1701,.F.);
#2350=ORIENTED_EDGE('',*,*,#1703,.F.);
#2351=ORIENTED_EDGE('',*,*,#1693,.F.);
#2352=ORIENTED_EDGE('',*,*,#1696,.F.);
#2353=ORIENTED_EDGE('',*,*,#1698,.F.);
#2354=ORIENTED_EDGE('',*,*,#1700,.F.);
#2355=ORIENTED_EDGE('',*,*,#1702,.F.);
#2356=ORIENTED_EDGE('',*,*,#1568,.F.);
#2357=ORIENTED_EDGE('',*,*,#1704,.T.);
#2358=ORIENTED_EDGE('',*,*,#1705,.T.);
#2359=ORIENTED_EDGE('',*,*,#1706,.F.);
#2360=ORIENTED_EDGE('',*,*,#1579,.F.);
#2361=ORIENTED_EDGE('',*,*,#1707,.T.);
#2362=ORIENTED_EDGE('',*,*,#1708,.T.);
#2363=ORIENTED_EDGE('',*,*,#1704,.F.);
#2364=ORIENTED_EDGE('',*,*,#1578,.F.);
#2365=ORIENTED_EDGE('',*,*,#1709,.T.);
#2366=ORIENTED_EDGE('',*,*,#1710,.T.);
#2367=ORIENTED_EDGE('',*,*,#1707,.F.);
#2368=ORIENTED_EDGE('',*,*,#1577,.F.);
#2369=ORIENTED_EDGE('',*,*,#1711,.T.);
#2370=ORIENTED_EDGE('',*,*,#1712,.T.);
#2371=ORIENTED_EDGE('',*,*,#1709,.F.);
#2372=ORIENTED_EDGE('',*,*,#1576,.F.);
#2373=ORIENTED_EDGE('',*,*,#1713,.T.);
#2374=ORIENTED_EDGE('',*,*,#1714,.T.);
#2375=ORIENTED_EDGE('',*,*,#1711,.F.);
#2376=ORIENTED_EDGE('',*,*,#1575,.F.);
#2377=ORIENTED_EDGE('',*,*,#1715,.T.);
#2378=ORIENTED_EDGE('',*,*,#1716,.T.);
#2379=ORIENTED_EDGE('',*,*,#1713,.F.);
#2380=ORIENTED_EDGE('',*,*,#1574,.F.);
#2381=ORIENTED_EDGE('',*,*,#1717,.T.);
#2382=ORIENTED_EDGE('',*,*,#1718,.T.);
#2383=ORIENTED_EDGE('',*,*,#1715,.F.);
#2384=ORIENTED_EDGE('',*,*,#1573,.F.);
#2385=ORIENTED_EDGE('',*,*,#1719,.T.);
#2386=ORIENTED_EDGE('',*,*,#1720,.T.);
#2387=ORIENTED_EDGE('',*,*,#1717,.F.);
#2388=ORIENTED_EDGE('',*,*,#1572,.F.);
#2389=ORIENTED_EDGE('',*,*,#1721,.T.);
#2390=ORIENTED_EDGE('',*,*,#1722,.T.);
#2391=ORIENTED_EDGE('',*,*,#1719,.F.);
#2392=ORIENTED_EDGE('',*,*,#1571,.F.);
#2393=ORIENTED_EDGE('',*,*,#1723,.T.);
#2394=ORIENTED_EDGE('',*,*,#1724,.T.);
#2395=ORIENTED_EDGE('',*,*,#1721,.F.);
#2396=ORIENTED_EDGE('',*,*,#1570,.F.);
#2397=ORIENTED_EDGE('',*,*,#1725,.T.);
#2398=ORIENTED_EDGE('',*,*,#1726,.T.);
#2399=ORIENTED_EDGE('',*,*,#1723,.F.);
#2400=ORIENTED_EDGE('',*,*,#1569,.F.);
#2401=ORIENTED_EDGE('',*,*,#1706,.T.);
#2402=ORIENTED_EDGE('',*,*,#1727,.T.);
#2403=ORIENTED_EDGE('',*,*,#1725,.F.);
#2404=ORIENTED_EDGE('',*,*,#1727,.F.);
#2405=ORIENTED_EDGE('',*,*,#1705,.F.);
#2406=ORIENTED_EDGE('',*,*,#1708,.F.);
#2407=ORIENTED_EDGE('',*,*,#1710,.F.);
#2408=ORIENTED_EDGE('',*,*,#1712,.F.);
#2409=ORIENTED_EDGE('',*,*,#1714,.F.);
#2410=ORIENTED_EDGE('',*,*,#1716,.F.);
#2411=ORIENTED_EDGE('',*,*,#1718,.F.);
#2412=ORIENTED_EDGE('',*,*,#1720,.F.);
#2413=ORIENTED_EDGE('',*,*,#1722,.F.);
#2414=ORIENTED_EDGE('',*,*,#1724,.F.);
#2415=ORIENTED_EDGE('',*,*,#1726,.F.);
#2416=ORIENTED_EDGE('',*,*,#1413,.T.);
#2417=ORIENTED_EDGE('',*,*,#1453,.T.);
#2418=ORIENTED_EDGE('',*,*,#1450,.T.);
#2419=ORIENTED_EDGE('',*,*,#1447,.T.);
#2420=ORIENTED_EDGE('',*,*,#1444,.T.);
#2421=ORIENTED_EDGE('',*,*,#1441,.T.);
#2422=ORIENTED_EDGE('',*,*,#1438,.T.);
#2423=ORIENTED_EDGE('',*,*,#1435,.T.);
#2424=ORIENTED_EDGE('',*,*,#1432,.T.);
#2425=ORIENTED_EDGE('',*,*,#1728,.F.);
#2426=ORIENTED_EDGE('',*,*,#1729,.T.);
#2427=ORIENTED_EDGE('',*,*,#1412,.F.);
#2428=ORIENTED_EDGE('',*,*,#1730,.F.);
#2429=ORIENTED_EDGE('',*,*,#1731,.F.);
#2430=ORIENTED_EDGE('',*,*,#1732,.T.);
#2431=ORIENTED_EDGE('',*,*,#1409,.F.);
#2432=ORIENTED_EDGE('',*,*,#1729,.F.);
#2433=ORIENTED_EDGE('',*,*,#1733,.F.);
#2434=ORIENTED_EDGE('',*,*,#1730,.T.);
#2435=ORIENTED_EDGE('',*,*,#1411,.F.);
#2436=ORIENTED_EDGE('',*,*,#1734,.F.);
#2437=ORIENTED_EDGE('',*,*,#1735,.F.);
#2438=ORIENTED_EDGE('',*,*,#1734,.T.);
#2439=ORIENTED_EDGE('',*,*,#1410,.F.);
#2440=ORIENTED_EDGE('',*,*,#1732,.F.);
#2441=ORIENTED_EDGE('',*,*,#1736,.T.);
#2442=ORIENTED_EDGE('',*,*,#1511,.T.);
#2443=ORIENTED_EDGE('',*,*,#1403,.F.);
#2444=ORIENTED_EDGE('',*,*,#1395,.F.);
#2445=ORIENTED_EDGE('',*,*,#1408,.F.);
#2446=ORIENTED_EDGE('',*,*,#1737,.F.);
#2447=ORIENTED_EDGE('',*,*,#1738,.T.);
#2448=ORIENTED_EDGE('',*,*,#1737,.T.);
#2449=ORIENTED_EDGE('',*,*,#1407,.F.);
#2450=ORIENTED_EDGE('',*,*,#1739,.F.);
#2451=ORIENTED_EDGE('',*,*,#1740,.T.);
#2452=ORIENTED_EDGE('',*,*,#1739,.T.);
#2453=ORIENTED_EDGE('',*,*,#1406,.F.);
#2454=ORIENTED_EDGE('',*,*,#1393,.T.);
#2455=ORIENTED_EDGE('',*,*,#1405,.F.);
#2456=ORIENTED_EDGE('',*,*,#1510,.F.);
#2457=ORIENTED_EDGE('',*,*,#1620,.T.);
#2458=ORIENTED_EDGE('',*,*,#1630,.T.);
#2459=ORIENTED_EDGE('',*,*,#1627,.T.);
#2460=ORIENTED_EDGE('',*,*,#1624,.T.);
#2461=ORIENTED_EDGE('',*,*,#1733,.T.);
#2462=ORIENTED_EDGE('',*,*,#1735,.T.);
#2463=ORIENTED_EDGE('',*,*,#1731,.T.);
#2464=ORIENTED_EDGE('',*,*,#1728,.T.);
#2465=ORIENTED_EDGE('',*,*,#1383,.T.);
#2466=ORIENTED_EDGE('',*,*,#1380,.T.);
#2467=ORIENTED_EDGE('',*,*,#1377,.T.);
#2468=ORIENTED_EDGE('',*,*,#1386,.T.);
#2469=ORIENTED_EDGE('',*,*,#1509,.F.);
#2470=ORIENTED_EDGE('',*,*,#1736,.F.);
#2471=ORIENTED_EDGE('',*,*,#1738,.F.);
#2472=ORIENTED_EDGE('',*,*,#1740,.F.);
#2473=CYLINDRICAL_SURFACE('',#2660,1.6);
#2474=CYLINDRICAL_SURFACE('',#2664,1.6);
#2475=CYLINDRICAL_SURFACE('',#2668,1.6);
#2476=CYLINDRICAL_SURFACE('',#2672,1.6);
#2477=CYLINDRICAL_SURFACE('',#2684,7.46884126637241);
#2478=CYLINDRICAL_SURFACE('',#2687,0.956816129001548);
#2479=CYLINDRICAL_SURFACE('',#2690,1.89157735576497);
#2480=CYLINDRICAL_SURFACE('',#2693,1.89157735576497);
#2481=CYLINDRICAL_SURFACE('',#2697,7.46884126637241);
#2482=CYLINDRICAL_SURFACE('',#2701,1.89157735576497);
#2483=CYLINDRICAL_SURFACE('',#2704,3.82442860210116);
#2484=CYLINDRICAL_SURFACE('',#2707,4.90264009783748);
#2485=CYLINDRICAL_SURFACE('',#2710,7.46884126637241);
#2486=CYLINDRICAL_SURFACE('',#2713,4.90264009783748);
#2487=CYLINDRICAL_SURFACE('',#2716,7.46794900623284);
#2488=CYLINDRICAL_SURFACE('',#2719,4.643);
#2489=CYLINDRICAL_SURFACE('',#2722,2.296);
#2490=CYLINDRICAL_SURFACE('',#2726,0.102544914767654);
#2491=CYLINDRICAL_SURFACE('',#2730,2.296);
#2492=CYLINDRICAL_SURFACE('',#2733,1.164);
#2493=CYLINDRICAL_SURFACE('',#2736,9.067);
#2494=CYLINDRICAL_SURFACE('',#2747,9.067);
#2495=CYLINDRICAL_SURFACE('',#2750,5.952);
#2496=ADVANCED_FACE('',(#149),#2473,.T.);
#2497=ADVANCED_FACE('',(#150),#31,.T.);
#2498=ADVANCED_FACE('',(#151),#2474,.T.);
#2499=ADVANCED_FACE('',(#152),#32,.T.);
#2500=ADVANCED_FACE('',(#153),#2475,.T.);
#2501=ADVANCED_FACE('',(#154),#33,.T.);
#2502=ADVANCED_FACE('',(#155),#2476,.T.);
#2503=ADVANCED_FACE('',(#156),#34,.T.);
#2504=ADVANCED_FACE('',(#157),#35,.T.);
#2505=ADVANCED_FACE('',(#158),#36,.T.);
#2506=ADVANCED_FACE('',(#159),#37,.T.);
#2507=ADVANCED_FACE('',(#160),#38,.T.);
#2508=ADVANCED_FACE('',(#161),#39,.T.);
#2509=ADVANCED_FACE('',(#162),#40,.T.);
#2510=ADVANCED_FACE('',(#163,#15),#41,.T.);
#2511=ADVANCED_FACE('',(#164),#42,.F.);
#2512=ADVANCED_FACE('',(#165),#2477,.F.);
#2513=ADVANCED_FACE('',(#166),#2478,.T.);
#2514=ADVANCED_FACE('',(#167),#2479,.T.);
#2515=ADVANCED_FACE('',(#168),#2480,.F.);
#2516=ADVANCED_FACE('',(#169),#43,.F.);
#2517=ADVANCED_FACE('',(#170),#2481,.T.);
#2518=ADVANCED_FACE('',(#171),#44,.F.);
#2519=ADVANCED_FACE('',(#172),#2482,.T.);
#2520=ADVANCED_FACE('',(#173),#2483,.T.);
#2521=ADVANCED_FACE('',(#174),#2484,.F.);
#2522=ADVANCED_FACE('',(#175),#2485,.F.);
#2523=ADVANCED_FACE('',(#176),#2486,.F.);
#2524=ADVANCED_FACE('',(#177),#2487,.F.);
#2525=ADVANCED_FACE('',(#178),#2488,.F.);
#2526=ADVANCED_FACE('',(#179),#2489,.F.);
#2527=ADVANCED_FACE('',(#180),#45,.F.);
#2528=ADVANCED_FACE('',(#181),#2490,.F.);
#2529=ADVANCED_FACE('',(#182),#46,.F.);
#2530=ADVANCED_FACE('',(#183),#2491,.F.);
#2531=ADVANCED_FACE('',(#184),#2492,.F.);
#2532=ADVANCED_FACE('',(#185),#2493,.T.);
#2533=ADVANCED_FACE('',(#186),#47,.F.);
#2534=ADVANCED_FACE('',(#187),#48,.F.);
#2535=ADVANCED_FACE('',(#188),#49,.F.);
#2536=ADVANCED_FACE('',(#189),#50,.F.);
#2537=ADVANCED_FACE('',(#190),#51,.F.);
#2538=ADVANCED_FACE('',(#191),#52,.F.);
#2539=ADVANCED_FACE('',(#192),#53,.F.);
#2540=ADVANCED_FACE('',(#193),#54,.F.);
#2541=ADVANCED_FACE('',(#194),#2494,.T.);
#2542=ADVANCED_FACE('',(#195),#2495,.T.);
#2543=ADVANCED_FACE('',(#196,#16),#55,.T.);
#2544=ADVANCED_FACE('',(#197),#56,.T.);
#2545=ADVANCED_FACE('',(#198,#17,#18,#19,#20,#21,#22,#23,#24,#25),#57,.T.);
#2546=ADVANCED_FACE('',(#199),#58,.F.);
#2547=ADVANCED_FACE('',(#200),#59,.F.);
#2548=ADVANCED_FACE('',(#201),#60,.F.);
#2549=ADVANCED_FACE('',(#202),#61,.F.);
#2550=ADVANCED_FACE('',(#203),#62,.F.);
#2551=ADVANCED_FACE('',(#204),#63,.F.);
#2552=ADVANCED_FACE('',(#205),#64,.F.);
#2553=ADVANCED_FACE('',(#206),#65,.F.);
#2554=ADVANCED_FACE('',(#207),#66,.F.);
#2555=ADVANCED_FACE('',(#208),#67,.F.);
#2556=ADVANCED_FACE('',(#209),#68,.F.);
#2557=ADVANCED_FACE('',(#210),#69,.F.);
#2558=ADVANCED_FACE('',(#211),#70,.F.);
#2559=ADVANCED_FACE('',(#212),#71,.F.);
#2560=ADVANCED_FACE('',(#213),#72,.F.);
#2561=ADVANCED_FACE('',(#214),#73,.F.);
#2562=ADVANCED_FACE('',(#215),#74,.F.);
#2563=ADVANCED_FACE('',(#216),#75,.F.);
#2564=ADVANCED_FACE('',(#217),#76,.F.);
#2565=ADVANCED_FACE('',(#218),#77,.F.);
#2566=ADVANCED_FACE('',(#219),#78,.F.);
#2567=ADVANCED_FACE('',(#220),#79,.F.);
#2568=ADVANCED_FACE('',(#221),#80,.F.);
#2569=ADVANCED_FACE('',(#222),#81,.F.);
#2570=ADVANCED_FACE('',(#223),#82,.F.);
#2571=ADVANCED_FACE('',(#224),#83,.F.);
#2572=ADVANCED_FACE('',(#225),#84,.F.);
#2573=ADVANCED_FACE('',(#226),#85,.F.);
#2574=ADVANCED_FACE('',(#227),#86,.F.);
#2575=ADVANCED_FACE('',(#228),#87,.F.);
#2576=ADVANCED_FACE('',(#229),#88,.F.);
#2577=ADVANCED_FACE('',(#230),#89,.F.);
#2578=ADVANCED_FACE('',(#231),#90,.F.);
#2579=ADVANCED_FACE('',(#232),#91,.F.);
#2580=ADVANCED_FACE('',(#233),#92,.F.);
#2581=ADVANCED_FACE('',(#234,#26),#93,.F.);
#2582=ADVANCED_FACE('',(#235),#94,.F.);
#2583=ADVANCED_FACE('',(#236),#95,.F.);
#2584=ADVANCED_FACE('',(#237),#96,.F.);
#2585=ADVANCED_FACE('',(#238),#97,.F.);
#2586=ADVANCED_FACE('',(#239),#98,.F.);
#2587=ADVANCED_FACE('',(#240),#99,.F.);
#2588=ADVANCED_FACE('',(#241),#100,.F.);
#2589=ADVANCED_FACE('',(#242),#101,.F.);
#2590=ADVANCED_FACE('',(#243),#102,.F.);
#2591=ADVANCED_FACE('',(#244),#103,.F.);
#2592=ADVANCED_FACE('',(#245),#104,.F.);
#2593=ADVANCED_FACE('',(#246),#105,.F.);
#2594=ADVANCED_FACE('',(#247),#106,.F.);
#2595=ADVANCED_FACE('',(#248),#107,.F.);
#2596=ADVANCED_FACE('',(#249),#108,.F.);
#2597=ADVANCED_FACE('',(#250),#109,.F.);
#2598=ADVANCED_FACE('',(#251),#110,.F.);
#2599=ADVANCED_FACE('',(#252),#111,.F.);
#2600=ADVANCED_FACE('',(#253),#112,.F.);
#2601=ADVANCED_FACE('',(#254),#113,.F.);
#2602=ADVANCED_FACE('',(#255),#114,.F.);
#2603=ADVANCED_FACE('',(#256),#115,.F.);
#2604=ADVANCED_FACE('',(#257),#116,.F.);
#2605=ADVANCED_FACE('',(#258),#117,.F.);
#2606=ADVANCED_FACE('',(#259),#118,.F.);
#2607=ADVANCED_FACE('',(#260),#119,.F.);
#2608=ADVANCED_FACE('',(#261),#120,.F.);
#2609=ADVANCED_FACE('',(#262),#121,.F.);
#2610=ADVANCED_FACE('',(#263),#122,.F.);
#2611=ADVANCED_FACE('',(#264),#123,.F.);
#2612=ADVANCED_FACE('',(#265),#124,.F.);
#2613=ADVANCED_FACE('',(#266),#125,.F.);
#2614=ADVANCED_FACE('',(#267),#126,.F.);
#2615=ADVANCED_FACE('',(#268),#127,.F.);
#2616=ADVANCED_FACE('',(#269),#128,.F.);
#2617=ADVANCED_FACE('',(#270),#129,.F.);
#2618=ADVANCED_FACE('',(#271),#130,.F.);
#2619=ADVANCED_FACE('',(#272),#131,.F.);
#2620=ADVANCED_FACE('',(#273),#132,.F.);
#2621=ADVANCED_FACE('',(#274),#133,.F.);
#2622=ADVANCED_FACE('',(#275),#134,.F.);
#2623=ADVANCED_FACE('',(#276),#135,.F.);
#2624=ADVANCED_FACE('',(#277),#136,.F.);
#2625=ADVANCED_FACE('',(#278),#137,.F.);
#2626=ADVANCED_FACE('',(#279),#138,.T.);
#2627=ADVANCED_FACE('',(#280),#139,.T.);
#2628=ADVANCED_FACE('',(#281),#140,.T.);
#2629=ADVANCED_FACE('',(#282),#141,.T.);
#2630=ADVANCED_FACE('',(#283),#142,.T.);
#2631=ADVANCED_FACE('',(#284),#143,.T.);
#2632=ADVANCED_FACE('',(#285),#144,.T.);
#2633=ADVANCED_FACE('',(#286),#145,.T.);
#2634=ADVANCED_FACE('',(#287),#146,.T.);
#2635=ADVANCED_FACE('',(#288,#27,#28,#29,#30),#147,.T.);
#2636=ADVANCED_FACE('',(#289),#148,.F.);
#2637=CLOSED_SHELL('',(#2496,#2497,#2498,#2499,#2500,#2501,#2502,#2503,
#2504,#2505,#2506,#2507,#2508,#2509,#2510,#2511,#2512,#2513,#2514,#2515,
#2516,#2517,#2518,#2519,#2520,#2521,#2522,#2523,#2524,#2525,#2526,#2527,
#2528,#2529,#2530,#2531,#2532,#2533,#2534,#2535,#2536,#2537,#2538,#2539,
#2540,#2541,#2542,#2543,#2544,#2545,#2546,#2547,#2548,#2549,#2550,#2551,
#2552,#2553,#2554,#2555,#2556,#2557,#2558,#2559,#2560,#2561,#2562,#2563,
#2564,#2565,#2566,#2567,#2568,#2569,#2570,#2571,#2572,#2573,#2574,#2575,
#2576,#2577,#2578,#2579,#2580,#2581,#2582,#2583,#2584,#2585,#2586,#2587,
#2588,#2589,#2590,#2591,#2592,#2593,#2594,#2595,#2596,#2597,#2598,#2599,
#2600,#2601,#2602,#2603,#2604,#2605,#2606,#2607,#2608,#2609,#2610,#2611,
#2612,#2613,#2614,#2615,#2616,#2617,#2618,#2619,#2620,#2621,#2622,#2623,
#2624,#2625,#2626,#2627,#2628,#2629,#2630,#2631,#2632,#2633,#2634,#2635,
#2636));
#2638=DERIVED_UNIT_ELEMENT(#2641,1.);
#2639=DERIVED_UNIT_ELEMENT(#4298,-3.);
#2640=DIMENSIONAL_EXPONENTS(0.,1.,0.,0.,0.,0.,0.);
#2641=(
CONVERSION_BASED_UNIT('gram',#2643)
MASS_UNIT()
NAMED_UNIT(#2640)
);
#2642=(
MASS_UNIT()
NAMED_UNIT(*)
SI_UNIT(.KILO.,.GRAM.)
);
#2643=MASS_MEASURE_WITH_UNIT(MASS_MEASURE(0.001),#2642);
#2644=DERIVED_UNIT((#2638,#2639));
#2645=MEASURE_REPRESENTATION_ITEM('density measure',
POSITIVE_RATIO_MEASURE(1.),#2644);
#2646=PROPERTY_DEFINITION_REPRESENTATION(#2651,#2648);
#2647=PROPERTY_DEFINITION_REPRESENTATION(#2652,#2649);
#2648=REPRESENTATION('material name',(#2650),#4295);
#2649=REPRESENTATION('density',(#2645),#4295);
#2650=DESCRIPTIVE_REPRESENTATION_ITEM('Generic','Generic');
#2651=PROPERTY_DEFINITION('material property','material name',#4305);
#2652=PROPERTY_DEFINITION('material property','density of part',#4305);
#2653=DATE_TIME_ROLE('creation_date');
#2654=APPLIED_DATE_AND_TIME_ASSIGNMENT(#2655,#2653,(#4305));
#2655=DATE_AND_TIME(#2656,#2657);
#2656=CALENDAR_DATE(2026,8,10);
#2657=LOCAL_TIME(0,0,0.,#2658);
#2658=COORDINATED_UNIVERSAL_TIME_OFFSET(0,0,.BEHIND.);
#2659=AXIS2_PLACEMENT_3D('',#3543,#2847,#2848);
#2660=AXIS2_PLACEMENT_3D('',#3544,#2849,#2850);
#2661=AXIS2_PLACEMENT_3D('',#3546,#2851,#2852);
#2662=AXIS2_PLACEMENT_3D('',#3549,#2854,#2855);
#2663=AXIS2_PLACEMENT_3D('',#3550,#2856,#2857);
#2664=AXIS2_PLACEMENT_3D('',#3551,#2858,#2859);
#2665=AXIS2_PLACEMENT_3D('',#3553,#2860,#2861);
#2666=AXIS2_PLACEMENT_3D('',#3556,#2863,#2864);
#2667=AXIS2_PLACEMENT_3D('',#3557,#2865,#2866);
#2668=AXIS2_PLACEMENT_3D('',#3558,#2867,#2868);
#2669=AXIS2_PLACEMENT_3D('',#3560,#2869,#2870);
#2670=AXIS2_PLACEMENT_3D('',#3563,#2872,#2873);
#2671=AXIS2_PLACEMENT_3D('',#3564,#2874,#2875);
#2672=AXIS2_PLACEMENT_3D('',#3565,#2876,#2877);
#2673=AXIS2_PLACEMENT_3D('',#3567,#2878,#2879);
#2674=AXIS2_PLACEMENT_3D('',#3570,#2881,#2882);
#2675=AXIS2_PLACEMENT_3D('',#3571,#2883,#2884);
#2676=AXIS2_PLACEMENT_3D('',#3572,#2885,#2886);
#2677=AXIS2_PLACEMENT_3D('',#3581,#2891,#2892);
#2678=AXIS2_PLACEMENT_3D('',#3587,#2896,#2897);
#2679=AXIS2_PLACEMENT_3D('',#3596,#2902,#2903);
#2680=AXIS2_PLACEMENT_3D('',#3602,#2907,#2908);
#2681=AXIS2_PLACEMENT_3D('',#3605,#2911,#2912);
#2682=AXIS2_PLACEMENT_3D('',#3611,#2916,#2917);
#2683=AXIS2_PLACEMENT_3D('',#3625,#2925,#2926);
#2684=AXIS2_PLACEMENT_3D('',#3634,#2931,#2932);
#2685=AXIS2_PLACEMENT_3D('',#3636,#2933,#2934);
#2686=AXIS2_PLACEMENT_3D('',#3639,#2936,#2937);
#2687=AXIS2_PLACEMENT_3D('',#3641,#2939,#2940);
#2688=AXIS2_PLACEMENT_3D('',#3643,#2941,#2942);
#2689=AXIS2_PLACEMENT_3D('',#3646,#2944,#2945);
#2690=AXIS2_PLACEMENT_3D('',#3647,#2946,#2947);
#2691=AXIS2_PLACEMENT_3D('',#3649,#2948,#2949);
#2692=AXIS2_PLACEMENT_3D('',#3652,#2951,#2952);
#2693=AXIS2_PLACEMENT_3D('',#3653,#2953,#2954);
#2694=AXIS2_PLACEMENT_3D('',#3655,#2955,#2956);
#2695=AXIS2_PLACEMENT_3D('',#3658,#2958,#2959);
#2696=AXIS2_PLACEMENT_3D('',#3659,#2960,#2961);
#2697=AXIS2_PLACEMENT_3D('',#3662,#2964,#2965);
#2698=AXIS2_PLACEMENT_3D('',#3664,#2966,#2967);
#2699=AXIS2_PLACEMENT_3D('',#3667,#2969,#2970);
#2700=AXIS2_PLACEMENT_3D('',#3668,#2971,#2972);
#2701=AXIS2_PLACEMENT_3D('',#3674,#2976,#2977);
#2702=AXIS2_PLACEMENT_3D('',#3676,#2978,#2979);
#2703=AXIS2_PLACEMENT_3D('',#3679,#2981,#2982);
#2704=AXIS2_PLACEMENT_3D('',#3680,#2983,#2984);
#2705=AXIS2_PLACEMENT_3D('',#3682,#2985,#2986);
#2706=AXIS2_PLACEMENT_3D('',#3685,#2988,#2989);
#2707=AXIS2_PLACEMENT_3D('',#3686,#2990,#2991);
#2708=AXIS2_PLACEMENT_3D('',#3688,#2992,#2993);
#2709=AXIS2_PLACEMENT_3D('',#3691,#2995,#2996);
#2710=AXIS2_PLACEMENT_3D('',#3692,#2997,#2998);
#2711=AXIS2_PLACEMENT_3D('',#3694,#2999,#3000);
#2712=AXIS2_PLACEMENT_3D('',#3697,#3002,#3003);
#2713=AXIS2_PLACEMENT_3D('',#3698,#3004,#3005);
#2714=AXIS2_PLACEMENT_3D('',#3700,#3006,#3007);
#2715=AXIS2_PLACEMENT_3D('',#3703,#3009,#3010);
#2716=AXIS2_PLACEMENT_3D('',#3704,#3011,#3012);
#2717=AXIS2_PLACEMENT_3D('',#3705,#3013,#3014);
#2718=AXIS2_PLACEMENT_3D('',#3706,#3015,#3016);
#2719=AXIS2_PLACEMENT_3D('',#3707,#3017,#3018);
#2720=AXIS2_PLACEMENT_3D('',#3710,#3019,#3020);
#2721=AXIS2_PLACEMENT_3D('',#3714,#3022,#3023);
#2722=AXIS2_PLACEMENT_3D('',#3716,#3025,#3026);
#2723=AXIS2_PLACEMENT_3D('',#3718,#3027,#3028);
#2724=AXIS2_PLACEMENT_3D('',#3721,#3030,#3031);
#2725=AXIS2_PLACEMENT_3D('',#3722,#3032,#3033);
#2726=AXIS2_PLACEMENT_3D('',#3728,#3037,#3038);
#2727=AXIS2_PLACEMENT_3D('',#3730,#3039,#3040);
#2728=AXIS2_PLACEMENT_3D('',#3733,#3042,#3043);
#2729=AXIS2_PLACEMENT_3D('',#3734,#3044,#3045);
#2730=AXIS2_PLACEMENT_3D('',#3740,#3049,#3050);
#2731=AXIS2_PLACEMENT_3D('',#3742,#3051,#3052);
#2732=AXIS2_PLACEMENT_3D('',#3745,#3054,#3055);
#2733=AXIS2_PLACEMENT_3D('',#3746,#3056,#3057);
#2734=AXIS2_PLACEMENT_3D('',#3748,#3058,#3059);
#2735=AXIS2_PLACEMENT_3D('',#3751,#3061,#3062);
#2736=AXIS2_PLACEMENT_3D('',#3752,#3063,#3064);
#2737=AXIS2_PLACEMENT_3D('',#3754,#3065,#3066);
#2738=AXIS2_PLACEMENT_3D('',#3757,#3068,#3069);
#2739=AXIS2_PLACEMENT_3D('',#3758,#3070,#3071);
#2740=AXIS2_PLACEMENT_3D('',#3764,#3075,#3076);
#2741=AXIS2_PLACEMENT_3D('',#3770,#3080,#3081);
#2742=AXIS2_PLACEMENT_3D('',#3776,#3085,#3086);
#2743=AXIS2_PLACEMENT_3D('',#3782,#3090,#3091);
#2744=AXIS2_PLACEMENT_3D('',#3788,#3095,#3096);
#2745=AXIS2_PLACEMENT_3D('',#3794,#3100,#3101);
#2746=AXIS2_PLACEMENT_3D('',#3800,#3105,#3106);
#2747=AXIS2_PLACEMENT_3D('',#3806,#3110,#3111);
#2748=AXIS2_PLACEMENT_3D('',#3808,#3112,#3113);
#2749=AXIS2_PLACEMENT_3D('',#3811,#3115,#3116);
#2750=AXIS2_PLACEMENT_3D('',#3812,#3117,#3118);
#2751=AXIS2_PLACEMENT_3D('',#3813,#3119,#3120);
#2752=AXIS2_PLACEMENT_3D('',#3814,#3121,#3122);
#2753=AXIS2_PLACEMENT_3D('',#3815,#3123,#3124);
#2754=AXIS2_PLACEMENT_3D('',#3816,#3125,#3126);
#2755=AXIS2_PLACEMENT_3D('',#3817,#3127,#3128);
#2756=AXIS2_PLACEMENT_3D('',#3959,#3200,#3201);
#2757=AXIS2_PLACEMENT_3D('',#3965,#3205,#3206);
#2758=AXIS2_PLACEMENT_3D('',#3969,#3209,#3210);
#2759=AXIS2_PLACEMENT_3D('',#3973,#3213,#3214);
#2760=AXIS2_PLACEMENT_3D('',#3977,#3217,#3218);
#2761=AXIS2_PLACEMENT_3D('',#3981,#3221,#3222);
#2762=AXIS2_PLACEMENT_3D('',#3983,#3224,#3225);
#2763=AXIS2_PLACEMENT_3D('',#3984,#3226,#3227);
#2764=AXIS2_PLACEMENT_3D('',#3990,#3231,#3232);
#2765=AXIS2_PLACEMENT_3D('',#3994,#3235,#3236);
#2766=AXIS2_PLACEMENT_3D('',#3998,#3239,#3240);
#2767=AXIS2_PLACEMENT_3D('',#4002,#3243,#3244);
#2768=AXIS2_PLACEMENT_3D('',#4006,#3247,#3248);
#2769=AXIS2_PLACEMENT_3D('',#4010,#3251,#3252);
#2770=AXIS2_PLACEMENT_3D('',#4014,#3255,#3256);
#2771=AXIS2_PLACEMENT_3D('',#4018,#3259,#3260);
#2772=AXIS2_PLACEMENT_3D('',#4022,#3263,#3264);
#2773=AXIS2_PLACEMENT_3D('',#4024,#3266,#3267);
#2774=AXIS2_PLACEMENT_3D('',#4025,#3268,#3269);
#2775=AXIS2_PLACEMENT_3D('',#4031,#3273,#3274);
#2776=AXIS2_PLACEMENT_3D('',#4035,#3277,#3278);
#2777=AXIS2_PLACEMENT_3D('',#4039,#3281,#3282);
#2778=AXIS2_PLACEMENT_3D('',#4041,#3284,#3285);
#2779=AXIS2_PLACEMENT_3D('',#4042,#3286,#3287);
#2780=AXIS2_PLACEMENT_3D('',#4051,#3292,#3293);
#2781=AXIS2_PLACEMENT_3D('',#4057,#3297,#3298);
#2782=AXIS2_PLACEMENT_3D('',#4063,#3302,#3303);
#2783=AXIS2_PLACEMENT_3D('',#4066,#3306,#3307);
#2784=AXIS2_PLACEMENT_3D('',#4072,#3311,#3312);
#2785=AXIS2_PLACEMENT_3D('',#4076,#3315,#3316);
#2786=AXIS2_PLACEMENT_3D('',#4080,#3319,#3320);
#2787=AXIS2_PLACEMENT_3D('',#4084,#3323,#3324);
#2788=AXIS2_PLACEMENT_3D('',#4088,#3327,#3328);
#2789=AXIS2_PLACEMENT_3D('',#4092,#3331,#3332);
#2790=AXIS2_PLACEMENT_3D('',#4096,#3335,#3336);
#2791=AXIS2_PLACEMENT_3D('',#4098,#3338,#3339);
#2792=AXIS2_PLACEMENT_3D('',#4099,#3340,#3341);
#2793=AXIS2_PLACEMENT_3D('',#4105,#3345,#3346);
#2794=AXIS2_PLACEMENT_3D('',#4109,#3349,#3350);
#2795=AXIS2_PLACEMENT_3D('',#4113,#3353,#3354);
#2796=AXIS2_PLACEMENT_3D('',#4117,#3357,#3358);
#2797=AXIS2_PLACEMENT_3D('',#4121,#3361,#3362);
#2798=AXIS2_PLACEMENT_3D('',#4125,#3365,#3366);
#2799=AXIS2_PLACEMENT_3D('',#4129,#3369,#3370);
#2800=AXIS2_PLACEMENT_3D('',#4133,#3373,#3374);
#2801=AXIS2_PLACEMENT_3D('',#4137,#3377,#3378);
#2802=AXIS2_PLACEMENT_3D('',#4139,#3380,#3381);
#2803=AXIS2_PLACEMENT_3D('',#4140,#3382,#3383);
#2804=AXIS2_PLACEMENT_3D('',#4146,#3387,#3388);
#2805=AXIS2_PLACEMENT_3D('',#4150,#3391,#3392);
#2806=AXIS2_PLACEMENT_3D('',#4154,#3395,#3396);
#2807=AXIS2_PLACEMENT_3D('',#4158,#3399,#3400);
#2808=AXIS2_PLACEMENT_3D('',#4162,#3403,#3404);
#2809=AXIS2_PLACEMENT_3D('',#4166,#3407,#3408);
#2810=AXIS2_PLACEMENT_3D('',#4170,#3411,#3412);
#2811=AXIS2_PLACEMENT_3D('',#4174,#3415,#3416);
#2812=AXIS2_PLACEMENT_3D('',#4178,#3419,#3420);
#2813=AXIS2_PLACEMENT_3D('',#4182,#3423,#3424);
#2814=AXIS2_PLACEMENT_3D('',#4186,#3427,#3428);
#2815=AXIS2_PLACEMENT_3D('',#4188,#3430,#3431);
#2816=AXIS2_PLACEMENT_3D('',#4189,#3432,#3433);
#2817=AXIS2_PLACEMENT_3D('',#4195,#3437,#3438);
#2818=AXIS2_PLACEMENT_3D('',#4199,#3441,#3442);
#2819=AXIS2_PLACEMENT_3D('',#4203,#3445,#3446);
#2820=AXIS2_PLACEMENT_3D('',#4207,#3449,#3450);
#2821=AXIS2_PLACEMENT_3D('',#4211,#3453,#3454);
#2822=AXIS2_PLACEMENT_3D('',#4213,#3456,#3457);
#2823=AXIS2_PLACEMENT_3D('',#4214,#3458,#3459);
#2824=AXIS2_PLACEMENT_3D('',#4220,#3463,#3464);
#2825=AXIS2_PLACEMENT_3D('',#4224,#3467,#3468);
#2826=AXIS2_PLACEMENT_3D('',#4228,#3471,#3472);
#2827=AXIS2_PLACEMENT_3D('',#4232,#3475,#3476);
#2828=AXIS2_PLACEMENT_3D('',#4236,#3479,#3480);
#2829=AXIS2_PLACEMENT_3D('',#4240,#3483,#3484);
#2830=AXIS2_PLACEMENT_3D('',#4244,#3487,#3488);
#2831=AXIS2_PLACEMENT_3D('',#4248,#3491,#3492);
#2832=AXIS2_PLACEMENT_3D('',#4252,#3495,#3496);
#2833=AXIS2_PLACEMENT_3D('',#4256,#3499,#3500);
#2834=AXIS2_PLACEMENT_3D('',#4260,#3503,#3504);
#2835=AXIS2_PLACEMENT_3D('',#4262,#3506,#3507);
#2836=AXIS2_PLACEMENT_3D('',#4263,#3508,#3509);
#2837=AXIS2_PLACEMENT_3D('',#4264,#3510,#3511);
#2838=AXIS2_PLACEMENT_3D('',#4270,#3515,#3516);
#2839=AXIS2_PLACEMENT_3D('',#4274,#3519,#3520);
#2840=AXIS2_PLACEMENT_3D('',#4278,#3523,#3524);
#2841=AXIS2_PLACEMENT_3D('',#4280,#3526,#3527);
#2842=AXIS2_PLACEMENT_3D('',#4284,#3530,#3531);
#2843=AXIS2_PLACEMENT_3D('',#4288,#3534,#3535);
#2844=AXIS2_PLACEMENT_3D('',#4290,#3537,#3538);
#2845=AXIS2_PLACEMENT_3D('',#4291,#3539,#3540);
#2846=AXIS2_PLACEMENT_3D('',#4292,#3541,#3542);
#2847=DIRECTION('axis',(0.,0.,1.));
#2848=DIRECTION('refdir',(1.,0.,0.));
#2849=DIRECTION('center_axis',(0.,1.,0.));
#2850=DIRECTION('ref_axis',(-1.,0.,0.));
#2851=DIRECTION('center_axis',(0.,1.,0.));
#2852=DIRECTION('ref_axis',(-1.,0.,0.));
#2853=DIRECTION('',(0.,-1.,0.));
#2854=DIRECTION('center_axis',(0.,-1.,0.));
#2855=DIRECTION('ref_axis',(1.,0.,0.));
#2856=DIRECTION('center_axis',(0.,1.,0.));
#2857=DIRECTION('ref_axis',(0.,0.,1.));
#2858=DIRECTION('center_axis',(0.,1.,0.));
#2859=DIRECTION('ref_axis',(-1.,0.,0.));
#2860=DIRECTION('center_axis',(0.,1.,0.));
#2861=DIRECTION('ref_axis',(-1.,0.,0.));
#2862=DIRECTION('',(0.,-1.,0.));
#2863=DIRECTION('center_axis',(0.,-1.,0.));
#2864=DIRECTION('ref_axis',(1.,0.,0.));
#2865=DIRECTION('center_axis',(0.,1.,0.));
#2866=DIRECTION('ref_axis',(0.,0.,1.));
#2867=DIRECTION('center_axis',(0.,1.,0.));
#2868=DIRECTION('ref_axis',(-1.,0.,0.));
#2869=DIRECTION('center_axis',(0.,1.,0.));
#2870=DIRECTION('ref_axis',(-1.,0.,0.));
#2871=DIRECTION('',(0.,-1.,0.));
#2872=DIRECTION('center_axis',(0.,-1.,0.));
#2873=DIRECTION('ref_axis',(1.,0.,0.));
#2874=DIRECTION('center_axis',(0.,1.,0.));
#2875=DIRECTION('ref_axis',(0.,0.,1.));
#2876=DIRECTION('center_axis',(0.,1.,0.));
#2877=DIRECTION('ref_axis',(-1.,0.,0.));
#2878=DIRECTION('center_axis',(0.,1.,0.));
#2879=DIRECTION('ref_axis',(-1.,0.,0.));
#2880=DIRECTION('',(0.,-1.,0.));
#2881=DIRECTION('center_axis',(0.,-1.,0.));
#2882=DIRECTION('ref_axis',(1.,0.,0.));
#2883=DIRECTION('center_axis',(0.,1.,0.));
#2884=DIRECTION('ref_axis',(0.,0.,1.));
#2885=DIRECTION('center_axis',(4.2700885562506E-16,0.,1.));
#2886=DIRECTION('ref_axis',(1.,0.,-4.2700885562506E-16));
#2887=DIRECTION('',(-1.,0.,4.2700885562506E-16));
#2888=DIRECTION('',(0.,1.,0.));
#2889=DIRECTION('',(1.,0.,-4.2700885562506E-16));
#2890=DIRECTION('',(0.,1.,0.));
#2891=DIRECTION('center_axis',(-1.,0.,8.88178419700117E-15));
#2892=DIRECTION('ref_axis',(8.88178419700117E-15,0.,1.));
#2893=DIRECTION('',(-8.88178419700117E-15,0.,-1.));
#2894=DIRECTION('',(8.88178419700117E-15,0.,1.));
#2895=DIRECTION('',(0.,1.,0.));
#2896=DIRECTION('center_axis',(-1.,0.,3.60822483003175E-15));
#2897=DIRECTION('ref_axis',(3.60822483003175E-15,0.,1.));
#2898=DIRECTION('',(-3.60822483003175E-15,0.,-1.));
#2899=DIRECTION('',(0.,1.,0.));
#2900=DIRECTION('',(3.60822483003175E-15,0.,1.));
#2901=DIRECTION('',(0.,1.,0.));
#2902=DIRECTION('center_axis',(-2.26848454550813E-16,0.,-1.));
#2903=DIRECTION('ref_axis',(-1.,0.,2.26848454550813E-16));
#2904=DIRECTION('',(1.,0.,-2.26848454550813E-16));
#2905=DIRECTION('',(-1.,0.,2.26848454550813E-16));
#2906=DIRECTION('',(0.,1.,0.));
#2907=DIRECTION('center_axis',(-1.,0.,0.));
#2908=DIRECTION('ref_axis',(0.,0.,1.));
#2909=DIRECTION('',(0.,0.,-1.));
#2910=DIRECTION('',(0.,0.,1.));
#2911=DIRECTION('center_axis',(0.,1.,0.));
#2912=DIRECTION('ref_axis',(0.,0.,1.));
#2913=DIRECTION('',(1.,0.,0.));
#2914=DIRECTION('',(-2.27738056333365E-16,0.,-1.));
#2915=DIRECTION('',(-1.,0.,0.));
#2916=DIRECTION('center_axis',(0.,1.,0.));
#2917=DIRECTION('ref_axis',(0.,0.,1.));
#2918=DIRECTION('',(-1.,0.,0.));
#2919=DIRECTION('',(2.91789384677124E-16,0.,1.));
#2920=DIRECTION('',(1.,0.,0.));
#2921=DIRECTION('',(-7.93016446160826E-17,0.,-1.));
#2922=DIRECTION('',(1.,0.,-3.5527136788005E-16));
#2923=DIRECTION('',(0.,0.,1.));
#2924=DIRECTION('',(-1.,0.,0.));
#2925=DIRECTION('center_axis',(0.,0.659896408967454,0.751356592725357));
#2926=DIRECTION('ref_axis',(-1.50283525559616E-16,0.751356592725357,-0.659896408967454));
#2927=DIRECTION('',(-1.50283525559616E-16,0.751356592725357,-0.659896408967454));
#2928=DIRECTION('',(-1.,0.,0.));
#2929=DIRECTION('',(-1.50283525559616E-16,0.751356592725357,-0.659896408967454));
#2930=DIRECTION('',(-1.,0.,0.));
#2931=DIRECTION('center_axis',(-1.,0.,0.));
#2932=DIRECTION('ref_axis',(0.,-0.27085995836036,0.962618763040189));
#2933=DIRECTION('center_axis',(-1.,0.,2.27738056333365E-16));
#2934=DIRECTION('ref_axis',(0.,-0.27085995836036,0.962618763040189));
#2935=DIRECTION('',(-1.,0.,0.));
#2936=DIRECTION('center_axis',(-1.,0.,2.27738056333365E-16));
#2937=DIRECTION('ref_axis',(2.19224926084801E-16,-0.27085995836036,0.962618763040189));
#2938=DIRECTION('',(-1.,0.,0.));
#2939=DIRECTION('center_axis',(-1.,0.,0.));
#2940=DIRECTION('ref_axis',(0.,-0.254336602964093,0.967115759561742));
#2941=DIRECTION('center_axis',(1.,0.,-2.27738056333365E-16));
#2942=DIRECTION('ref_axis',(0.,-0.254336602964093,0.967115759561742));
#2943=DIRECTION('',(-1.,0.,0.));
#2944=DIRECTION('center_axis',(1.,0.,-2.27738056333365E-16));
#2945=DIRECTION('ref_axis',(2.20249063331958E-16,-0.254336602964093,0.967115759561742));
#2946=DIRECTION('center_axis',(-1.,0.,0.));
#2947=DIRECTION('ref_axis',(0.,-0.0475287200700703,-0.998869871789364));
#2948=DIRECTION('center_axis',(1.,0.,-2.27738056333365E-16));
#2949=DIRECTION('ref_axis',(0.,-0.0475287200700703,-0.998869871789364));
#2950=DIRECTION('',(-1.,0.,0.));
#2951=DIRECTION('center_axis',(1.,0.,-2.27738056333365E-16));
#2952=DIRECTION('ref_axis',(-2.27480683131268E-16,-0.0475287200700703,-0.998869871789364));
#2953=DIRECTION('center_axis',(-1.,0.,0.));
#2954=DIRECTION('ref_axis',(0.,0.0475287200700704,0.998869871789364));
#2955=DIRECTION('center_axis',(-1.,0.,2.27738056333365E-16));
#2956=DIRECTION('ref_axis',(0.,0.0475287200700704,0.998869871789364));
#2957=DIRECTION('',(-1.,0.,0.));
#2958=DIRECTION('center_axis',(-1.,3.08148791101958E-33,2.27738056333365E-16));
#2959=DIRECTION('ref_axis',(2.27480683131268E-16,0.0475287200700704,0.998869871789364));
#2960=DIRECTION('center_axis',(0.,-0.659896408967454,-0.751356592725357));
#2961=DIRECTION('ref_axis',(1.50283525559616E-16,-0.751356592725357,0.659896408967454));
#2962=DIRECTION('',(1.50283525559616E-16,-0.751356592725357,0.659896408967454));
#2963=DIRECTION('',(1.50283525559616E-16,-0.751356592725357,0.659896408967454));
#2964=DIRECTION('center_axis',(-1.,0.,0.));
#2965=DIRECTION('ref_axis',(0.,0.27085995836036,-0.962618763040189));
#2966=DIRECTION('center_axis',(1.,0.,-2.27738056333365E-16));
#2967=DIRECTION('ref_axis',(0.,0.27085995836036,-0.962618763040189));
#2968=DIRECTION('',(-1.,0.,0.));
#2969=DIRECTION('center_axis',(1.,0.,-2.27738056333365E-16));
#2970=DIRECTION('ref_axis',(-2.19224926084801E-16,0.27085995836036,-0.962618763040189));
#2971=DIRECTION('center_axis',(0.,0.659896408967465,0.751356592725348));
#2972=DIRECTION('ref_axis',(-1.50283525559618E-16,0.751356592725348,-0.659896408967465));
#2973=DIRECTION('',(-1.50283525559618E-16,0.751356592725348,-0.659896408967465));
#2974=DIRECTION('',(-1.,0.,0.));
#2975=DIRECTION('',(-1.50283525559618E-16,0.751356592725348,-0.659896408967465));
#2976=DIRECTION('center_axis',(-1.,0.,0.));
#2977=DIRECTION('ref_axis',(0.,-0.0475287200700704,-0.998869871789364));
#2978=DIRECTION('center_axis',(1.,0.,-2.27738056333365E-16));
#2979=DIRECTION('ref_axis',(0.,-0.0475287200700704,-0.998869871789364));
#2980=DIRECTION('',(-1.,0.,0.));
#2981=DIRECTION('center_axis',(1.,-3.08148791101958E-33,-2.27738056333365E-16));
#2982=DIRECTION('ref_axis',(-2.27480683131268E-16,-0.0475287200700704,-0.998869871789364));
#2983=DIRECTION('center_axis',(-1.,0.,0.));
#2984=DIRECTION('ref_axis',(0.,-0.466520734976281,-0.884510262143516));
#2985=DIRECTION('center_axis',(1.,0.,-2.27738056333365E-16));
#2986=DIRECTION('ref_axis',(0.,-0.466520734976281,-0.884510262143516));
#2987=DIRECTION('',(-1.,0.,0.));
#2988=DIRECTION('center_axis',(1.,0.,-2.27738056333365E-16));
#2989=DIRECTION('ref_axis',(-2.0143664790748E-16,-0.466520734976281,-0.884510262143516));
#2990=DIRECTION('center_axis',(-1.,0.,0.));
#2991=DIRECTION('ref_axis',(0.,-0.613719842397601,-0.789523878706315));
#2992=DIRECTION('center_axis',(-1.,0.,2.27738056333365E-16));
#2993=DIRECTION('ref_axis',(0.,-0.613719842397601,-0.789523878706315));
#2994=DIRECTION('',(-1.,0.,0.));
#2995=DIRECTION('center_axis',(-1.,1.23259516440783E-32,2.27738056333365E-16));
#2996=DIRECTION('ref_axis',(-1.79804633565356E-16,-0.613719842397601,-0.789523878706315));
#2997=DIRECTION('center_axis',(-1.,0.,0.));
#2998=DIRECTION('ref_axis',(0.,-0.27085995836036,0.962618763040189));
#2999=DIRECTION('center_axis',(-1.,0.,2.27738056333365E-16));
#3000=DIRECTION('ref_axis',(0.,-0.27085995836036,0.962618763040189));
#3001=DIRECTION('',(-1.,0.,0.));
#3002=DIRECTION('center_axis',(-1.,0.,2.27738056333365E-16));
#3003=DIRECTION('ref_axis',(2.19224926084801E-16,-0.27085995836036,0.962618763040189));
#3004=DIRECTION('center_axis',(-1.,0.,0.));
#3005=DIRECTION('ref_axis',(0.,-0.613719842397601,-0.789523878706315));
#3006=DIRECTION('center_axis',(-1.,0.,2.27738056333365E-16));
#3007=DIRECTION('ref_axis',(0.,-0.613719842397601,-0.789523878706315));
#3008=DIRECTION('',(-1.,0.,0.));
#3009=DIRECTION('center_axis',(-1.,1.23259516440783E-32,2.27738056333365E-16));
#3010=DIRECTION('ref_axis',(-1.79804633565356E-16,-0.613719842397601,-0.789523878706315));
#3011=DIRECTION('center_axis',(-1.,0.,0.));
#3012=DIRECTION('ref_axis',(0.,-0.602881857841544,0.797830474151952));
#3013=DIRECTION('center_axis',(-1.,0.,2.27738056333365E-16));
#3014=DIRECTION('ref_axis',(0.,-0.602881857841544,0.797830474151952));
#3015=DIRECTION('center_axis',(-1.,0.,0.));
#3016=DIRECTION('ref_axis',(0.,-0.602881857841544,0.797830474151952));
#3017=DIRECTION('center_axis',(-1.,0.,0.));
#3018=DIRECTION('ref_axis',(0.,0.466542919478779,0.884498560928291));
#3019=DIRECTION('center_axis',(-1.,0.,2.27738056333365E-16));
#3020=DIRECTION('ref_axis',(0.,0.466542919478779,0.884498560928291));
#3021=DIRECTION('',(-1.,0.,0.));
#3022=DIRECTION('center_axis',(-1.,-1.23259516440783E-32,2.27738056333365E-16));
#3023=DIRECTION('ref_axis',(2.01433983095468E-16,0.466542919478779,0.884498560928291));
#3024=DIRECTION('',(-1.,0.,0.));
#3025=DIRECTION('center_axis',(-1.,0.,0.));
#3026=DIRECTION('ref_axis',(0.,0.0475656715042734,0.998868112862928));
#3027=DIRECTION('center_axis',(-1.,0.,2.27738056333365E-16));
#3028=DIRECTION('ref_axis',(0.,0.0475656715042734,0.998868112862928));
#3029=DIRECTION('',(-1.,0.,0.));
#3030=DIRECTION('center_axis',(-1.,0.,2.27738056333365E-16));
#3031=DIRECTION('ref_axis',(2.2748028255678E-16,0.0475656715042734,0.998868112862928));
#3032=DIRECTION('center_axis',(0.,0.659896408967465,0.751356592725348));
#3033=DIRECTION('ref_axis',(-1.50283525559618E-16,0.751356592725348,-0.659896408967465));
#3034=DIRECTION('',(-1.50283525559618E-16,0.751356592725348,-0.659896408967465));
#3035=DIRECTION('',(-1.,0.,0.));
#3036=DIRECTION('',(-1.50283525559618E-16,0.751356592725348,-0.659896408967465));
#3037=DIRECTION('center_axis',(-1.,0.,0.));
#3038=DIRECTION('ref_axis',(0.,0.533002673621539,0.846113556156791));
#3039=DIRECTION('center_axis',(-1.,0.,2.27738056333365E-16));
#3040=DIRECTION('ref_axis',(0.,0.533002673621539,0.846113556156791));
#3041=DIRECTION('',(-1.,0.,0.));
#3042=DIRECTION('center_axis',(-1.,-1.23259516440783E-32,2.27738056333365E-16));
#3043=DIRECTION('ref_axis',(1.92692256716459E-16,0.533002673621539,0.846113556156791));
#3044=DIRECTION('center_axis',(0.,-0.659896408967454,-0.751356592725357));
#3045=DIRECTION('ref_axis',(1.50283525559616E-16,-0.751356592725357,0.659896408967454));
#3046=DIRECTION('',(1.50283525559616E-16,-0.751356592725357,0.659896408967454));
#3047=DIRECTION('',(-1.,0.,0.));
#3048=DIRECTION('',(1.50283525559616E-16,-0.751356592725357,0.659896408967454));
#3049=DIRECTION('center_axis',(-1.,0.,0.));
#3050=DIRECTION('ref_axis',(0.,-0.911856191381728,-0.410509788237516));
#3051=DIRECTION('center_axis',(-1.,0.,2.27738056333365E-16));
#3052=DIRECTION('ref_axis',(0.,0.0475656715042734,0.998868112862928));
#3053=DIRECTION('',(-1.,0.,0.));
#3054=DIRECTION('center_axis',(-1.,0.,2.27738056333365E-16));
#3055=DIRECTION('ref_axis',(2.2748028255678E-16,0.0475656715042734,0.998868112862928));
#3056=DIRECTION('center_axis',(-1.,0.,0.));
#3057=DIRECTION('ref_axis',(0.,0.254056754808808,-0.967189312046001));
#3058=DIRECTION('center_axis',(-1.,0.,2.27738056333365E-16));
#3059=DIRECTION('ref_axis',(0.,0.254056754808808,-0.967189312046001));
#3060=DIRECTION('',(-1.,0.,0.));
#3061=DIRECTION('center_axis',(-1.,0.,2.27738056333365E-16));
#3062=DIRECTION('ref_axis',(-2.20265814031761E-16,0.254056754808808,-0.967189312046001));
#3063=DIRECTION('center_axis',(-1.,0.,0.));
#3064=DIRECTION('ref_axis',(0.,0.270859958360358,-0.96261876304019));
#3065=DIRECTION('center_axis',(1.,0.,-2.27738056333365E-16));
#3066=DIRECTION('ref_axis',(0.,0.270859958360358,-0.96261876304019));
#3067=DIRECTION('',(-1.,0.,0.));
#3068=DIRECTION('center_axis',(1.,0.,-2.27738056333365E-16));
#3069=DIRECTION('ref_axis',(-2.19224926084801E-16,0.270859958360358,-0.96261876304019));
#3070=DIRECTION('center_axis',(0.,-0.659896408967454,-0.751356592725357));
#3071=DIRECTION('ref_axis',(1.50283525559616E-16,-0.751356592725357,0.659896408967454));
#3072=DIRECTION('',(1.50283525559616E-16,-0.751356592725357,0.659896408967454));
#3073=DIRECTION('',(-1.,0.,0.));
#3074=DIRECTION('',(1.50283525559616E-16,-0.751356592725357,0.659896408967454));
#3075=DIRECTION('center_axis',(0.,0.0225472688635264,0.99974577801899));
#3076=DIRECTION('ref_axis',(-5.13487118660532E-18,0.99974577801899,-0.0225472688635264));
#3077=DIRECTION('',(-5.13487118660532E-18,0.99974577801899,-0.0225472688635264));
#3078=DIRECTION('',(-1.,0.,0.));
#3079=DIRECTION('',(-5.13487118660532E-18,0.99974577801899,-0.0225472688635264));
#3080=DIRECTION('center_axis',(0.,-0.99974577801899,0.0225472688635317));
#3081=DIRECTION('ref_axis',(2.27680160313533E-16,0.0225472688635317,0.99974577801899));
#3082=DIRECTION('',(2.27680160313533E-16,0.0225472688635317,0.99974577801899));
#3083=DIRECTION('',(-1.,0.,0.));
#3084=DIRECTION('',(2.27680160313533E-16,0.0225472688635317,0.99974577801899));
#3085=DIRECTION('center_axis',(0.,-0.0225472688635722,-0.999745778018989));
#3086=DIRECTION('ref_axis',(5.13487118661574E-18,-0.999745778018989,0.0225472688635722));
#3087=DIRECTION('',(5.13487118661574E-18,-0.999745778018989,0.0225472688635722));
#3088=DIRECTION('',(-1.,0.,0.));
#3089=DIRECTION('',(5.13487118661574E-18,-0.999745778018989,0.0225472688635722));
#3090=DIRECTION('center_axis',(0.,0.988472685383835,0.151399307297195));
#3091=DIRECTION('ref_axis',(-2.25112848107937E-16,0.151399307297195,-0.988472685383835));
#3092=DIRECTION('',(-2.25112848107937E-16,0.151399307297195,-0.988472685383835));
#3093=DIRECTION('',(-1.,0.,0.));
#3094=DIRECTION('',(-2.25112848107937E-16,0.151399307297195,-0.988472685383835));
#3095=DIRECTION('center_axis',(0.,-0.151399307297195,0.988472685383835));
#3096=DIRECTION('ref_axis',(3.44793839740812E-17,0.988472685383835,0.151399307297195));
#3097=DIRECTION('',(3.44793839740812E-17,0.988472685383835,0.151399307297195));
#3098=DIRECTION('',(-1.,0.,0.));
#3099=DIRECTION('',(3.44793839740812E-17,0.988472685383835,0.151399307297195));
#3100=DIRECTION('center_axis',(0.,-0.988472685383853,-0.151399307297077));
#3101=DIRECTION('ref_axis',(2.25112848107941E-16,-0.151399307297077,0.988472685383853));
#3102=DIRECTION('',(2.25112848107941E-16,-0.151399307297077,0.988472685383853));
#3103=DIRECTION('',(-1.,0.,0.));
#3104=DIRECTION('',(2.25112848107941E-16,-0.151399307297077,0.988472685383853));
#3105=DIRECTION('center_axis',(0.,0.659896408967465,0.751356592725348));
#3106=DIRECTION('ref_axis',(-1.50283525559618E-16,0.751356592725348,-0.659896408967465));
#3107=DIRECTION('',(-1.50283525559618E-16,0.751356592725348,-0.659896408967465));
#3108=DIRECTION('',(-1.,0.,0.));
#3109=DIRECTION('',(-1.50283525559618E-16,0.751356592725348,-0.659896408967465));
#3110=DIRECTION('center_axis',(-1.,0.,0.));
#3111=DIRECTION('ref_axis',(0.,0.270859958360358,-0.96261876304019));
#3112=DIRECTION('center_axis',(1.,0.,-2.27738056333365E-16));
#3113=DIRECTION('ref_axis',(0.,0.270859958360358,-0.96261876304019));
#3114=DIRECTION('',(-1.,0.,0.));
#3115=DIRECTION('center_axis',(1.,0.,-2.27738056333365E-16));
#3116=DIRECTION('ref_axis',(-2.19224926084801E-16,0.270859958360358,-0.96261876304019));
#3117=DIRECTION('center_axis',(-1.,0.,0.));
#3118=DIRECTION('ref_axis',(0.,0.613542204316981,0.789661929892698));
#3119=DIRECTION('center_axis',(1.,0.,-2.27738056333365E-16));
#3120=DIRECTION('ref_axis',(0.,0.613542204316981,0.789661929892698));
#3121=DIRECTION('center_axis',(1.,-1.23259516440783E-32,-2.27738056333365E-16));
#3122=DIRECTION('ref_axis',(1.79836073074217E-16,0.613542204316981,0.789661929892698));
#3123=DIRECTION('center_axis',(1.,0.,-2.27738056333365E-16));
#3124=DIRECTION('ref_axis',(-2.27738056333365E-16,0.,-1.));
#3125=DIRECTION('center_axis',(1.,0.,-2.27738056333365E-16));
#3126=DIRECTION('ref_axis',(-2.27738056333365E-16,0.,-1.));
#3127=DIRECTION('center_axis',(1.,0.,-2.27738056333365E-16));
#3128=DIRECTION('ref_axis',(-2.27738056333365E-16,0.,-1.));
#3129=DIRECTION('',(-2.27738056333365E-16,0.,-1.));
#3130=DIRECTION('',(0.,1.,0.));
#3131=DIRECTION('',(0.,1.,0.));
#3132=DIRECTION('',(-2.27738056333365E-16,1.11022302462516E-15,-1.));
#3133=DIRECTION('',(-2.02272026979747E-31,-1.,-8.88178419700125E-16));
#3134=DIRECTION('',(-2.27738056333365E-16,3.70074341541719E-16,-1.));
#3135=DIRECTION('',(0.,-1.,0.));
#3136=DIRECTION('',(2.27738056333365E-16,0.,1.));
#3137=DIRECTION('',(0.,1.,0.));
#3138=DIRECTION('',(-2.27738056333365E-16,1.66533453693773E-15,-1.));
#3139=DIRECTION('',(1.01136013489873E-30,-1.,4.44089209850063E-15));
#3140=DIRECTION('',(2.27738056333365E-16,-5.55111512312579E-16,1.));
#3141=DIRECTION('',(0.,-1.,0.));
#3142=DIRECTION('',(2.27738056333365E-16,0.,1.));
#3143=DIRECTION('',(0.,1.,0.));
#3144=DIRECTION('',(-2.27738056333365E-16,0.,-1.));
#3145=DIRECTION('',(0.,-1.,0.));
#3146=DIRECTION('',(2.27738056333365E-16,0.,1.));
#3147=DIRECTION('',(0.,-1.,0.));
#3148=DIRECTION('',(2.27738056333365E-16,0.,1.));
#3149=DIRECTION('',(0.,1.,0.));
#3150=DIRECTION('',(-2.27738056333365E-16,0.,-1.));
#3151=DIRECTION('',(0.,-1.,0.));
#3152=DIRECTION('',(2.27738056333365E-16,0.,1.));
#3153=DIRECTION('',(-5.52345918373724E-17,0.970142500145332,-0.242535625036333));
#3154=DIRECTION('',(-2.27738056333365E-16,0.,-1.));
#3155=DIRECTION('',(-5.52345918373724E-17,-0.970142500145332,-0.242535625036333));
#3156=DIRECTION('',(2.27738056333365E-16,0.,1.));
#3157=DIRECTION('',(5.52345918373725E-17,0.970142500145332,0.242535625036334));
#3158=DIRECTION('',(2.27738056333365E-16,0.,1.));
#3159=DIRECTION('',(5.52345918373724E-17,-0.970142500145332,0.242535625036333));
#3160=DIRECTION('',(-2.27738056333365E-16,0.,-1.));
#3161=DIRECTION('',(1.01136013489873E-30,-1.,4.44089209850063E-15));
#3162=DIRECTION('',(2.27738056333365E-16,-8.32667268468869E-16,1.));
#3163=DIRECTION('',(0.,-1.,0.));
#3164=DIRECTION('',(2.27738056333365E-16,0.,1.));
#3165=DIRECTION('',(0.,1.,0.));
#3166=DIRECTION('',(-2.27738056333365E-16,0.,-1.));
#3167=DIRECTION('',(0.,-1.,0.));
#3168=DIRECTION('',(2.27738056333365E-16,0.,1.));
#3169=DIRECTION('',(5.05680067449367E-31,-1.,2.22044604925031E-15));
#3170=DIRECTION('',(2.27738056333365E-16,-3.70074341541719E-16,1.));
#3171=DIRECTION('',(0.,-1.,0.));
#3172=DIRECTION('',(-2.27738056333365E-16,0.,-1.));
#3173=DIRECTION('',(0.,-1.,0.));
#3174=DIRECTION('',(2.27738056333365E-16,0.,1.));
#3175=DIRECTION('',(0.,1.,0.));
#3176=DIRECTION('',(-2.27738056333365E-16,0.,-1.));
#3177=DIRECTION('',(0.,-1.,0.));
#3178=DIRECTION('',(2.27738056333365E-16,0.,1.));
#3179=DIRECTION('',(0.,-1.,0.));
#3180=DIRECTION('',(-2.27738056333365E-16,0.,-1.));
#3181=DIRECTION('',(0.,-1.,0.));
#3182=DIRECTION('',(-2.27738056333365E-16,1.11022302462516E-15,-1.));
#3183=DIRECTION('',(-4.04544053959493E-31,-1.,-1.77635683940025E-15));
#3184=DIRECTION('',(-2.27738056333365E-16,9.25185853854296E-16,-1.));
#3185=DIRECTION('',(0.,-1.,0.));
#3186=DIRECTION('',(2.27738056333365E-16,0.,1.));
#3187=DIRECTION('',(0.,1.,0.));
#3188=DIRECTION('',(2.27738056333365E-16,0.,1.));
#3189=DIRECTION('',(1.26420016862342E-31,-1.,5.55111512312578E-16));
#3190=DIRECTION('',(2.27738056333365E-16,-2.7755575615629E-16,1.));
#3191=DIRECTION('',(0.,1.,0.));
#3192=DIRECTION('',(-2.27738056333365E-16,0.,-1.));
#3193=DIRECTION('',(1.26420016862342E-31,-1.,5.55111512312578E-16));
#3194=DIRECTION('',(-2.27738056333365E-16,0.,-1.));
#3195=DIRECTION('',(1.26420016862342E-31,1.,5.55111512312578E-16));
#3196=DIRECTION('',(-2.27738056333365E-16,0.,-1.));
#3197=DIRECTION('',(0.,-1.,0.));
#3198=DIRECTION('',(2.27738056333365E-16,0.,1.));
#3199=DIRECTION('',(1.26420016862342E-31,1.,5.55111512312578E-16));
#3200=DIRECTION('center_axis',(0.,1.,1.11022302462516E-15));
#3201=DIRECTION('ref_axis',(-2.27738056333365E-16,1.11022302462516E-15,
-1.));
#3202=DIRECTION('',(-1.,0.,0.));
#3203=DIRECTION('',(-2.27738056333365E-16,1.11022302462516E-15,-1.));
#3204=DIRECTION('',(-1.,0.,0.));
#3205=DIRECTION('center_axis',(0.,0.,1.));
#3206=DIRECTION('ref_axis',(0.,1.,0.));
#3207=DIRECTION('',(-1.,0.,0.));
#3208=DIRECTION('',(0.,1.,0.));
#3209=DIRECTION('center_axis',(0.,-1.,0.));
#3210=DIRECTION('ref_axis',(2.27738056333365E-16,0.,1.));
#3211=DIRECTION('',(-1.,0.,0.));
#3212=DIRECTION('',(2.27738056333365E-16,0.,1.));
#3213=DIRECTION('center_axis',(0.,0.,-1.));
#3214=DIRECTION('ref_axis',(0.,-1.,0.));
#3215=DIRECTION('',(-1.,0.,0.));
#3216=DIRECTION('',(0.,-1.,0.));
#3217=DIRECTION('center_axis',(0.,1.,3.70074341541719E-16));
#3218=DIRECTION('ref_axis',(-2.27738056333365E-16,3.70074341541719E-16,
-1.));
#3219=DIRECTION('',(-1.,0.,0.));
#3220=DIRECTION('',(-2.27738056333365E-16,3.70074341541719E-16,-1.));
#3221=DIRECTION('center_axis',(0.,8.88178419700125E-16,-1.));
#3222=DIRECTION('ref_axis',(-2.02272026979747E-31,-1.,-8.88178419700125E-16));
#3223=DIRECTION('',(-2.02272026979747E-31,-1.,-8.88178419700125E-16));
#3224=DIRECTION('center_axis',(-1.,0.,0.));
#3225=DIRECTION('ref_axis',(0.,0.,1.));
#3226=DIRECTION('center_axis',(0.,1.,1.66533453693773E-15));
#3227=DIRECTION('ref_axis',(-2.27738056333365E-16,1.66533453693773E-15,
-1.));
#3228=DIRECTION('',(-1.,0.,0.));
#3229=DIRECTION('',(-2.27738056333365E-16,1.66533453693773E-15,-1.));
#3230=DIRECTION('',(-1.,0.,0.));
#3231=DIRECTION('center_axis',(0.,0.,-1.));
#3232=DIRECTION('ref_axis',(0.,-1.,0.));
#3233=DIRECTION('',(-1.,0.,0.));
#3234=DIRECTION('',(0.,-1.,0.));
#3235=DIRECTION('center_axis',(0.,-1.,0.));
#3236=DIRECTION('ref_axis',(2.27738056333365E-16,0.,1.));
#3237=DIRECTION('',(-1.,0.,0.));
#3238=DIRECTION('',(2.27738056333365E-16,0.,1.));
#3239=DIRECTION('center_axis',(0.,0.,-1.));
#3240=DIRECTION('ref_axis',(0.,-1.,0.));
#3241=DIRECTION('',(-1.,0.,0.));
#3242=DIRECTION('',(0.,-1.,0.));
#3243=DIRECTION('center_axis',(0.,1.,0.));
#3244=DIRECTION('ref_axis',(-2.27738056333365E-16,0.,-1.));
#3245=DIRECTION('',(-1.,0.,0.));
#3246=DIRECTION('',(-2.27738056333365E-16,0.,-1.));
#3247=DIRECTION('center_axis',(0.,0.,1.));
#3248=DIRECTION('ref_axis',(0.,1.,0.));
#3249=DIRECTION('',(-1.,0.,0.));
#3250=DIRECTION('',(0.,1.,0.));
#3251=DIRECTION('center_axis',(0.,-1.,0.));
#3252=DIRECTION('ref_axis',(2.27738056333365E-16,0.,1.));
#3253=DIRECTION('',(-1.,0.,0.));
#3254=DIRECTION('',(2.27738056333365E-16,0.,1.));
#3255=DIRECTION('center_axis',(0.,0.,-1.));
#3256=DIRECTION('ref_axis',(0.,-1.,0.));
#3257=DIRECTION('',(-1.,0.,0.));
#3258=DIRECTION('',(0.,-1.,0.));
#3259=DIRECTION('center_axis',(0.,-1.,-5.55111512312579E-16));
#3260=DIRECTION('ref_axis',(2.27738056333365E-16,-5.55111512312579E-16,
1.));
#3261=DIRECTION('',(-1.,0.,0.));
#3262=DIRECTION('',(2.27738056333365E-16,-5.55111512312579E-16,1.));
#3263=DIRECTION('center_axis',(0.,-4.44089209850063E-15,-1.));
#3264=DIRECTION('ref_axis',(1.01136013489873E-30,-1.,4.44089209850063E-15));
#3265=DIRECTION('',(1.01136013489873E-30,-1.,4.44089209850063E-15));
#3266=DIRECTION('center_axis',(-1.,0.,0.));
#3267=DIRECTION('ref_axis',(0.,0.,1.));
#3268=DIRECTION('center_axis',(0.,-1.,0.));
#3269=DIRECTION('ref_axis',(2.27738056333365E-16,0.,1.));
#3270=DIRECTION('',(-1.,0.,0.));
#3271=DIRECTION('',(2.27738056333365E-16,0.,1.));
#3272=DIRECTION('',(-1.,0.,0.));
#3273=DIRECTION('center_axis',(0.,0.,-1.));
#3274=DIRECTION('ref_axis',(0.,-1.,0.));
#3275=DIRECTION('',(-1.,0.,0.));
#3276=DIRECTION('',(0.,-1.,0.));
#3277=DIRECTION('center_axis',(0.,1.,0.));
#3278=DIRECTION('ref_axis',(-2.27738056333365E-16,0.,-1.));
#3279=DIRECTION('',(-1.,0.,0.));
#3280=DIRECTION('',(-2.27738056333365E-16,0.,-1.));
#3281=DIRECTION('center_axis',(0.,0.,1.));
#3282=DIRECTION('ref_axis',(0.,1.,0.));
#3283=DIRECTION('',(0.,1.,0.));
#3284=DIRECTION('center_axis',(-1.,0.,0.));
#3285=DIRECTION('ref_axis',(0.,0.,1.));
#3286=DIRECTION('center_axis',(0.,-0.257662650560333,0.966234939601246));
#3287=DIRECTION('ref_axis',(5.86795912283133E-17,0.966234939601246,0.257662650560333));
#3288=DIRECTION('',(5.86795912283133E-17,0.966234939601246,0.257662650560333));
#3289=DIRECTION('',(-1.,0.,0.));
#3290=DIRECTION('',(5.86795912283133E-17,0.966234939601246,0.257662650560333));
#3291=DIRECTION('',(-1.,0.,0.));
#3292=DIRECTION('center_axis',(0.,1.,0.));
#3293=DIRECTION('ref_axis',(-2.27738056333365E-16,0.,-1.));
#3294=DIRECTION('',(-2.27738056333365E-16,0.,-1.));
#3295=DIRECTION('',(-1.,0.,0.));
#3296=DIRECTION('',(-2.27738056333365E-16,0.,-1.));
#3297=DIRECTION('center_axis',(0.,-0.257662650560333,-0.966234939601246));
#3298=DIRECTION('ref_axis',(5.86795912283133E-17,-0.966234939601246,0.257662650560333));
#3299=DIRECTION('',(5.86795912283133E-17,-0.966234939601246,0.257662650560333));
#3300=DIRECTION('',(-1.,0.,0.));
#3301=DIRECTION('',(5.86795912283133E-17,-0.966234939601246,0.257662650560333));
#3302=DIRECTION('center_axis',(0.,-1.,0.));
#3303=DIRECTION('ref_axis',(2.27738056333365E-16,0.,1.));
#3304=DIRECTION('',(2.27738056333365E-16,0.,1.));
#3305=DIRECTION('',(2.27738056333365E-16,0.,1.));
#3306=DIRECTION('center_axis',(0.,-1.,0.));
#3307=DIRECTION('ref_axis',(2.27738056333365E-16,0.,1.));
#3308=DIRECTION('',(-1.,0.,0.));
#3309=DIRECTION('',(2.27738056333365E-16,0.,1.));
#3310=DIRECTION('',(-1.,0.,0.));
#3311=DIRECTION('center_axis',(0.,-0.242535625036333,-0.970142500145332));
#3312=DIRECTION('ref_axis',(5.52345918373724E-17,-0.970142500145332,0.242535625036333));
#3313=DIRECTION('',(-1.,0.,0.));
#3314=DIRECTION('',(5.52345918373724E-17,-0.970142500145332,0.242535625036333));
#3315=DIRECTION('center_axis',(0.,-1.,0.));
#3316=DIRECTION('ref_axis',(2.27738056333365E-16,0.,1.));
#3317=DIRECTION('',(-1.,0.,0.));
#3318=DIRECTION('',(2.27738056333365E-16,0.,1.));
#3319=DIRECTION('center_axis',(0.,-0.242535625036334,0.970142500145332));
#3320=DIRECTION('ref_axis',(5.52345918373725E-17,0.970142500145332,0.242535625036334));
#3321=DIRECTION('',(-1.,0.,0.));
#3322=DIRECTION('',(5.52345918373725E-17,0.970142500145332,0.242535625036334));
#3323=DIRECTION('center_axis',(0.,-1.,0.));
#3324=DIRECTION('ref_axis',(2.27738056333365E-16,0.,1.));
#3325=DIRECTION('',(-1.,0.,0.));
#3326=DIRECTION('',(2.27738056333365E-16,0.,1.));
#3327=DIRECTION('center_axis',(0.,0.242535625036333,-0.970142500145332));
#3328=DIRECTION('ref_axis',(-5.52345918373724E-17,-0.970142500145332,-0.242535625036333));
#3329=DIRECTION('',(-1.,0.,0.));
#3330=DIRECTION('',(-5.52345918373724E-17,-0.970142500145332,-0.242535625036333));
#3331=DIRECTION('center_axis',(0.,1.,0.));
#3332=DIRECTION('ref_axis',(-2.27738056333365E-16,0.,-1.));
#3333=DIRECTION('',(-1.,0.,0.));
#3334=DIRECTION('',(-2.27738056333365E-16,0.,-1.));
#3335=DIRECTION('center_axis',(0.,0.242535625036333,0.970142500145332));
#3336=DIRECTION('ref_axis',(-5.52345918373724E-17,0.970142500145332,-0.242535625036333));
#3337=DIRECTION('',(-5.52345918373724E-17,0.970142500145332,-0.242535625036333));
#3338=DIRECTION('center_axis',(-1.,0.,0.));
#3339=DIRECTION('ref_axis',(0.,0.,1.));
#3340=DIRECTION('center_axis',(0.,1.,0.));
#3341=DIRECTION('ref_axis',(-2.27738056333365E-16,0.,-1.));
#3342=DIRECTION('',(-1.,0.,0.));
#3343=DIRECTION('',(-2.27738056333365E-16,0.,-1.));
#3344=DIRECTION('',(-1.,0.,0.));
#3345=DIRECTION('center_axis',(0.,-2.22044604925031E-15,-1.));
#3346=DIRECTION('ref_axis',(5.05680067449367E-31,-1.,2.22044604925031E-15));
#3347=DIRECTION('',(-1.,0.,0.));
#3348=DIRECTION('',(5.05680067449367E-31,-1.,2.22044604925031E-15));
#3349=DIRECTION('center_axis',(0.,-1.,0.));
#3350=DIRECTION('ref_axis',(2.27738056333365E-16,0.,1.));
#3351=DIRECTION('',(-1.,0.,0.));
#3352=DIRECTION('',(2.27738056333365E-16,0.,1.));
#3353=DIRECTION('center_axis',(0.,0.,-1.));
#3354=DIRECTION('ref_axis',(0.,-1.,0.));
#3355=DIRECTION('',(-1.,0.,0.));
#3356=DIRECTION('',(0.,-1.,0.));
#3357=DIRECTION('center_axis',(0.,1.,0.));
#3358=DIRECTION('ref_axis',(-2.27738056333365E-16,0.,-1.));
#3359=DIRECTION('',(-1.,0.,0.));
#3360=DIRECTION('',(-2.27738056333365E-16,0.,-1.));
#3361=DIRECTION('center_axis',(0.,0.,1.));
#3362=DIRECTION('ref_axis',(0.,1.,0.));
#3363=DIRECTION('',(-1.,0.,0.));
#3364=DIRECTION('',(0.,1.,0.));
#3365=DIRECTION('center_axis',(0.,-1.,0.));
#3366=DIRECTION('ref_axis',(2.27738056333365E-16,0.,1.));
#3367=DIRECTION('',(-1.,0.,0.));
#3368=DIRECTION('',(2.27738056333365E-16,0.,1.));
#3369=DIRECTION('center_axis',(0.,0.,-1.));
#3370=DIRECTION('ref_axis',(0.,-1.,0.));
#3371=DIRECTION('',(-1.,0.,0.));
#3372=DIRECTION('',(0.,-1.,0.));
#3373=DIRECTION('center_axis',(0.,-1.,-8.32667268468869E-16));
#3374=DIRECTION('ref_axis',(2.27738056333365E-16,-8.32667268468869E-16,
1.));
#3375=DIRECTION('',(-1.,0.,0.));
#3376=DIRECTION('',(2.27738056333365E-16,-8.32667268468869E-16,1.));
#3377=DIRECTION('center_axis',(0.,-4.44089209850063E-15,-1.));
#3378=DIRECTION('ref_axis',(1.01136013489873E-30,-1.,4.44089209850063E-15));
#3379=DIRECTION('',(1.01136013489873E-30,-1.,4.44089209850063E-15));
#3380=DIRECTION('center_axis',(-1.,0.,0.));
#3381=DIRECTION('ref_axis',(0.,0.,1.));
#3382=DIRECTION('center_axis',(0.,-1.,-3.70074341541719E-16));
#3383=DIRECTION('ref_axis',(2.27738056333365E-16,-3.70074341541719E-16,
1.));
#3384=DIRECTION('',(-1.,0.,0.));
#3385=DIRECTION('',(2.27738056333365E-16,-3.70074341541719E-16,1.));
#3386=DIRECTION('',(-1.,0.,0.));
#3387=DIRECTION('center_axis',(0.,0.,-1.));
#3388=DIRECTION('ref_axis',(0.,-1.,0.));
#3389=DIRECTION('',(-1.,0.,0.));
#3390=DIRECTION('',(0.,-1.,0.));
#3391=DIRECTION('center_axis',(0.,1.,0.));
#3392=DIRECTION('ref_axis',(-2.27738056333365E-16,0.,-1.));
#3393=DIRECTION('',(-1.,0.,0.));
#3394=DIRECTION('',(-2.27738056333365E-16,0.,-1.));
#3395=DIRECTION('center_axis',(0.,0.,-1.));
#3396=DIRECTION('ref_axis',(0.,-1.,0.));
#3397=DIRECTION('',(-1.,0.,0.));
#3398=DIRECTION('',(0.,-1.,0.));
#3399=DIRECTION('center_axis',(0.,-1.,0.));
#3400=DIRECTION('ref_axis',(2.27738056333365E-16,0.,1.));
#3401=DIRECTION('',(-1.,0.,0.));
#3402=DIRECTION('',(2.27738056333365E-16,0.,1.));
#3403=DIRECTION('center_axis',(0.,0.,-1.));
#3404=DIRECTION('ref_axis',(0.,-1.,0.));
#3405=DIRECTION('',(-1.,0.,0.));
#3406=DIRECTION('',(0.,-1.,0.));
#3407=DIRECTION('center_axis',(0.,1.,0.));
#3408=DIRECTION('ref_axis',(-2.27738056333365E-16,0.,-1.));
#3409=DIRECTION('',(-1.,0.,0.));
#3410=DIRECTION('',(-2.27738056333365E-16,0.,-1.));
#3411=DIRECTION('center_axis',(0.,0.,1.));
#3412=DIRECTION('ref_axis',(0.,1.,0.));
#3413=DIRECTION('',(-1.,0.,0.));
#3414=DIRECTION('',(0.,1.,0.));
#3415=DIRECTION('center_axis',(0.,-1.,0.));
#3416=DIRECTION('ref_axis',(2.27738056333365E-16,0.,1.));
#3417=DIRECTION('',(-1.,0.,0.));
#3418=DIRECTION('',(2.27738056333365E-16,0.,1.));
#3419=DIRECTION('center_axis',(0.,0.,-1.));
#3420=DIRECTION('ref_axis',(0.,-1.,0.));
#3421=DIRECTION('',(-1.,0.,0.));
#3422=DIRECTION('',(0.,-1.,0.));
#3423=DIRECTION('center_axis',(0.,1.,0.));
#3424=DIRECTION('ref_axis',(-2.27738056333365E-16,0.,-1.));
#3425=DIRECTION('',(-1.,0.,0.));
#3426=DIRECTION('',(-2.27738056333365E-16,0.,-1.));
#3427=DIRECTION('center_axis',(0.,0.,-1.));
#3428=DIRECTION('ref_axis',(0.,-1.,0.));
#3429=DIRECTION('',(0.,-1.,0.));
#3430=DIRECTION('center_axis',(-1.,0.,0.));
#3431=DIRECTION('ref_axis',(0.,0.,1.));
#3432=DIRECTION('center_axis',(0.,1.,1.11022302462516E-15));
#3433=DIRECTION('ref_axis',(-2.27738056333365E-16,1.11022302462516E-15,
-1.));
#3434=DIRECTION('',(-1.,0.,0.));
#3435=DIRECTION('',(-2.27738056333365E-16,1.11022302462516E-15,-1.));
#3436=DIRECTION('',(-1.,0.,0.));
#3437=DIRECTION('center_axis',(0.,0.,1.));
#3438=DIRECTION('ref_axis',(0.,1.,0.));
#3439=DIRECTION('',(-1.,0.,0.));
#3440=DIRECTION('',(0.,1.,0.));
#3441=DIRECTION('center_axis',(0.,-1.,0.));
#3442=DIRECTION('ref_axis',(2.27738056333365E-16,0.,1.));
#3443=DIRECTION('',(-1.,0.,0.));
#3444=DIRECTION('',(2.27738056333365E-16,0.,1.));
#3445=DIRECTION('center_axis',(0.,0.,-1.));
#3446=DIRECTION('ref_axis',(0.,-1.,0.));
#3447=DIRECTION('',(-1.,0.,0.));
#3448=DIRECTION('',(0.,-1.,0.));
#3449=DIRECTION('center_axis',(0.,1.,9.25185853854296E-16));
#3450=DIRECTION('ref_axis',(-2.27738056333365E-16,9.25185853854296E-16,
-1.));
#3451=DIRECTION('',(-1.,0.,0.));
#3452=DIRECTION('',(-2.27738056333365E-16,9.25185853854296E-16,-1.));
#3453=DIRECTION('center_axis',(0.,1.77635683940025E-15,-1.));
#3454=DIRECTION('ref_axis',(-4.04544053959493E-31,-1.,-1.77635683940025E-15));
#3455=DIRECTION('',(-4.04544053959493E-31,-1.,-1.77635683940025E-15));
#3456=DIRECTION('center_axis',(-1.,0.,0.));
#3457=DIRECTION('ref_axis',(0.,0.,1.));
#3458=DIRECTION('center_axis',(0.,-1.,0.));
#3459=DIRECTION('ref_axis',(2.27738056333365E-16,0.,1.));
#3460=DIRECTION('',(-1.,0.,2.27738056333366E-16));
#3461=DIRECTION('',(2.27738056333365E-16,0.,1.));
#3462=DIRECTION('',(-1.,0.,2.27738056333366E-16));
#3463=DIRECTION('center_axis',(2.27738056333366E-16,-5.55111512312578E-16,
1.));
#3464=DIRECTION('ref_axis',(1.26420016862342E-31,1.,5.55111512312578E-16));
#3465=DIRECTION('',(-1.,0.,2.27738056333366E-16));
#3466=DIRECTION('',(1.26420016862342E-31,1.,5.55111512312578E-16));
#3467=DIRECTION('center_axis',(0.,-1.,0.));
#3468=DIRECTION('ref_axis',(2.27738056333365E-16,0.,1.));
#3469=DIRECTION('',(-1.,0.,2.27738056333366E-16));
#3470=DIRECTION('',(2.27738056333365E-16,0.,1.));
#3471=DIRECTION('center_axis',(-2.27738056333366E-16,0.,-1.));
#3472=DIRECTION('ref_axis',(0.,-1.,0.));
#3473=DIRECTION('',(-1.,0.,2.27738056333366E-16));
#3474=DIRECTION('',(0.,-1.,0.));
#3475=DIRECTION('center_axis',(0.,1.,0.));
#3476=DIRECTION('ref_axis',(-2.27738056333365E-16,0.,-1.));
#3477=DIRECTION('',(-1.,0.,2.27738056333366E-16));
#3478=DIRECTION('',(-2.27738056333365E-16,0.,-1.));
#3479=DIRECTION('center_axis',(2.27738056333366E-16,-5.55111512312578E-16,
1.));
#3480=DIRECTION('ref_axis',(1.26420016862342E-31,1.,5.55111512312578E-16));
#3481=DIRECTION('',(-1.,0.,2.27738056333366E-16));
#3482=DIRECTION('',(1.26420016862342E-31,1.,5.55111512312578E-16));
#3483=DIRECTION('center_axis',(0.,1.,0.));
#3484=DIRECTION('ref_axis',(-2.27738056333365E-16,0.,-1.));
#3485=DIRECTION('',(-1.,0.,2.27738056333366E-16));
#3486=DIRECTION('',(-2.27738056333365E-16,0.,-1.));
#3487=DIRECTION('center_axis',(-2.27738056333366E-16,-5.55111512312578E-16,
-1.));
#3488=DIRECTION('ref_axis',(1.26420016862342E-31,-1.,5.55111512312578E-16));
#3489=DIRECTION('',(-1.,0.,2.27738056333366E-16));
#3490=DIRECTION('',(1.26420016862342E-31,-1.,5.55111512312578E-16));
#3491=DIRECTION('center_axis',(0.,1.,0.));
#3492=DIRECTION('ref_axis',(-2.27738056333365E-16,0.,-1.));
#3493=DIRECTION('',(-1.,0.,2.27738056333366E-16));
#3494=DIRECTION('',(-2.27738056333365E-16,0.,-1.));
#3495=DIRECTION('center_axis',(2.27738056333366E-16,0.,1.));
#3496=DIRECTION('ref_axis',(0.,1.,0.));
#3497=DIRECTION('',(-1.,0.,2.27738056333366E-16));
#3498=DIRECTION('',(0.,1.,0.));
#3499=DIRECTION('center_axis',(-6.32100084311713E-32,-1.,-2.7755575615629E-16));
#3500=DIRECTION('ref_axis',(2.27738056333365E-16,-2.7755575615629E-16,1.));
#3501=DIRECTION('',(-1.,0.,2.27738056333366E-16));
#3502=DIRECTION('',(2.27738056333365E-16,-2.7755575615629E-16,1.));
#3503=DIRECTION('center_axis',(-2.27738056333366E-16,-5.55111512312578E-16,
-1.));
#3504=DIRECTION('ref_axis',(1.26420016862342E-31,-1.,5.55111512312578E-16));
#3505=DIRECTION('',(1.26420016862342E-31,-1.,5.55111512312578E-16));
#3506=DIRECTION('center_axis',(-1.,0.,2.27738056333366E-16));
#3507=DIRECTION('ref_axis',(2.27738056333366E-16,0.,1.));
#3508=DIRECTION('center_axis',(1.,0.,-2.27738056333365E-16));
#3509=DIRECTION('ref_axis',(-2.27738056333365E-16,0.,-1.));
#3510=DIRECTION('center_axis',(0.,0.,-1.));
#3511=DIRECTION('ref_axis',(-1.,0.,0.));
#3512=DIRECTION('',(1.,0.,0.));
#3513=DIRECTION('',(0.,1.,0.));
#3514=DIRECTION('',(0.,1.,0.));
#3515=DIRECTION('center_axis',(1.,0.,-7.93016446160826E-17));
#3516=DIRECTION('ref_axis',(-7.93016446160826E-17,0.,-1.));
#3517=DIRECTION('',(7.93016446160826E-17,0.,1.));
#3518=DIRECTION('',(0.,1.,0.));
#3519=DIRECTION('center_axis',(-1.,0.,0.));
#3520=DIRECTION('ref_axis',(0.,0.,1.));
#3521=DIRECTION('',(0.,0.,-1.));
#3522=DIRECTION('',(0.,1.,0.));
#3523=DIRECTION('center_axis',(3.5527136788005E-16,0.,1.));
#3524=DIRECTION('ref_axis',(1.,0.,-3.5527136788005E-16));
#3525=DIRECTION('',(-1.,0.,3.5527136788005E-16));
#3526=DIRECTION('center_axis',(0.,0.,1.));
#3527=DIRECTION('ref_axis',(1.,0.,0.));
#3528=DIRECTION('',(1.,0.,0.));
#3529=DIRECTION('',(0.,1.,0.));
#3530=DIRECTION('center_axis',(-1.,0.,2.91789384677124E-16));
#3531=DIRECTION('ref_axis',(2.91789384677124E-16,0.,1.));
#3532=DIRECTION('',(2.91789384677124E-16,0.,1.));
#3533=DIRECTION('',(0.,1.,0.));
#3534=DIRECTION('center_axis',(0.,0.,-1.));
#3535=DIRECTION('ref_axis',(-1.,0.,0.));
#3536=DIRECTION('',(-1.,0.,0.));
#3537=DIRECTION('center_axis',(1.,0.,-2.27738056333365E-16));
#3538=DIRECTION('ref_axis',(-2.27738056333365E-16,0.,-1.));
#3539=DIRECTION('center_axis',(0.,1.,0.));
#3540=DIRECTION('ref_axis',(0.,0.,1.));
#3541=DIRECTION('center_axis',(0.,1.,0.));
#3542=DIRECTION('ref_axis',(0.,0.,1.));
#3543=CARTESIAN_POINT('',(0.,0.,0.));
#3544=CARTESIAN_POINT('Origin',(4.99999999999999,0.,-65.));
#3545=CARTESIAN_POINT('',(6.59999999999999,4.,-65.));
#3546=CARTESIAN_POINT('Origin',(4.99999999999999,4.,-65.));
#3547=CARTESIAN_POINT('',(6.59999999999999,2.,-65.));
#3548=CARTESIAN_POINT('',(6.59999999999999,0.,-65.));
#3549=CARTESIAN_POINT('Origin',(4.99999999999999,2.,-65.));
#3550=CARTESIAN_POINT('Origin',(4.99999999999999,4.,-65.));
#3551=CARTESIAN_POINT('Origin',(85.,0.,-4.99999999999999));
#3552=CARTESIAN_POINT('',(86.6,4.,-4.99999999999999));
#3553=CARTESIAN_POINT('Origin',(85.,4.,-4.99999999999999));
#3554=CARTESIAN_POINT('',(86.6,2.,-4.99999999999999));
#3555=CARTESIAN_POINT('',(86.6,0.,-4.99999999999999));
#3556=CARTESIAN_POINT('Origin',(85.,2.,-4.99999999999999));
#3557=CARTESIAN_POINT('Origin',(85.,4.,-4.99999999999999));
#3558=CARTESIAN_POINT('Origin',(5.,0.,-4.99999999999998));
#3559=CARTESIAN_POINT('',(6.6,4.,-4.99999999999998));
#3560=CARTESIAN_POINT('Origin',(5.,4.,-4.99999999999998));
#3561=CARTESIAN_POINT('',(6.6,2.,-4.99999999999998));
#3562=CARTESIAN_POINT('',(6.6,0.,-4.99999999999998));
#3563=CARTESIAN_POINT('Origin',(5.,2.,-4.99999999999998));
#3564=CARTESIAN_POINT('Origin',(5.,4.,-4.99999999999998));
#3565=CARTESIAN_POINT('Origin',(85.,0.,-65.));
#3566=CARTESIAN_POINT('',(86.6,4.,-65.));
#3567=CARTESIAN_POINT('Origin',(85.,4.,-65.));
#3568=CARTESIAN_POINT('',(86.6,2.,-65.));
#3569=CARTESIAN_POINT('',(86.6,0.,-65.));
#3570=CARTESIAN_POINT('Origin',(85.,2.,-65.));
#3571=CARTESIAN_POINT('Origin',(85.,4.,-65.));
#3572=CARTESIAN_POINT('Origin',(-1.99999999999999,10.,-72.));
#3573=CARTESIAN_POINT('',(102.,10.,-72.));
#3574=CARTESIAN_POINT('',(-1.99999999999999,10.,-72.));
#3575=CARTESIAN_POINT('',(24.,10.,-72.));
#3576=CARTESIAN_POINT('',(102.,12.,-72.));
#3577=CARTESIAN_POINT('',(102.,10.,-72.));
#3578=CARTESIAN_POINT('',(-1.99999999999999,12.,-72.));
#3579=CARTESIAN_POINT('',(-1.99999999999999,12.,-72.));
#3580=CARTESIAN_POINT('',(-1.99999999999999,10.,-72.));
#3581=CARTESIAN_POINT('Origin',(-2.00000000000001,10.,-74.));
#3582=CARTESIAN_POINT('',(-2.00000000000001,10.,-74.));
#3583=CARTESIAN_POINT('',(-1.99999999999984,10.,-54.4999999999998));
#3584=CARTESIAN_POINT('',(-2.00000000000001,12.,-74.));
#3585=CARTESIAN_POINT('',(-2.00000000000001,12.,-74.));
#3586=CARTESIAN_POINT('',(-2.00000000000001,10.,-74.));
#3587=CARTESIAN_POINT('Origin',(-2.,10.,2.));
#3588=CARTESIAN_POINT('',(-1.99999999999999,10.,4.));
#3589=CARTESIAN_POINT('',(-2.,10.,2.));
#3590=CARTESIAN_POINT('',(-2.00000000000007,10.,-16.4999999999999));
#3591=CARTESIAN_POINT('',(-1.99999999999999,12.,4.));
#3592=CARTESIAN_POINT('',(-1.99999999999999,10.,4.));
#3593=CARTESIAN_POINT('',(-1.99999999999999,12.,2.));
#3594=CARTESIAN_POINT('',(-2.,12.,2.));
#3595=CARTESIAN_POINT('',(-2.,10.,2.));
#3596=CARTESIAN_POINT('Origin',(102.,10.,1.99999999999998));
#3597=CARTESIAN_POINT('',(102.,10.,1.99999999999998));
#3598=CARTESIAN_POINT('',(76.,10.,1.99999999999998));
#3599=CARTESIAN_POINT('',(102.,12.,1.99999999999998));
#3600=CARTESIAN_POINT('',(102.,12.,1.99999999999998));
#3601=CARTESIAN_POINT('',(102.,10.,1.99999999999998));
#3602=CARTESIAN_POINT('Origin',(102.,10.,-72.));
#3603=CARTESIAN_POINT('',(102.,10.,-53.5));
#3604=CARTESIAN_POINT('',(102.,12.,-72.));
#3605=CARTESIAN_POINT('Origin',(51.,12.,-35.));
#3606=CARTESIAN_POINT('',(104.,12.,4.));
#3607=CARTESIAN_POINT('',(-3.99999999999999,12.,4.));
#3608=CARTESIAN_POINT('',(104.,12.,-74.));
#3609=CARTESIAN_POINT('',(104.,12.,4.));
#3610=CARTESIAN_POINT('',(104.,12.,-74.));
#3611=CARTESIAN_POINT('Origin',(50.,10.,-35.));
#3612=CARTESIAN_POINT('',(-4.00000000000002,10.,-74.));
#3613=CARTESIAN_POINT('',(104.,10.,-74.));
#3614=CARTESIAN_POINT('',(-3.99999999999999,10.,4.));
#3615=CARTESIAN_POINT('',(-4.00000000000001,10.,-74.));
#3616=CARTESIAN_POINT('',(-3.99999999999999,10.,4.));
#3617=CARTESIAN_POINT('',(0.,10.,0.));
#3618=CARTESIAN_POINT('',(0.,10.,-70.));
#3619=CARTESIAN_POINT('',(0.,10.,0.));
#3620=CARTESIAN_POINT('',(100.,10.,-70.));
#3621=CARTESIAN_POINT('',(0.,10.,-70.));
#3622=CARTESIAN_POINT('',(100.,10.,0.));
#3623=CARTESIAN_POINT('',(100.,10.,-70.));
#3624=CARTESIAN_POINT('',(100.,10.,0.));
#3625=CARTESIAN_POINT('Origin',(104.,6.03318654846537,-49.8078678768808));
#3626=CARTESIAN_POINT('',(104.,6.03318654846537,-49.8078678768808));
#3627=CARTESIAN_POINT('',(104.,6.03322380526703,-49.8079005985337));
#3628=CARTESIAN_POINT('',(104.,-9.00923288607195,-36.5965130246824));
#3629=CARTESIAN_POINT('',(102.,6.03318654846537,-49.8078678768808));
#3630=CARTESIAN_POINT('',(104.,6.03318654846537,-49.8078678768808));
#3631=CARTESIAN_POINT('',(102.,6.03322380526703,-49.8079005985337));
#3632=CARTESIAN_POINT('',(102.,7.38509433714325,-50.9952123463926));
#3633=CARTESIAN_POINT('',(104.,6.03322380526703,-49.8079005985337));
#3634=CARTESIAN_POINT('Origin',(104.,10.5357900761135,-55.7669073410124));
#3635=CARTESIAN_POINT('',(104.,5.19178834484405,-50.5491266481837));
#3636=CARTESIAN_POINT('Origin',(104.,10.5357900761135,-55.7669073410124));
#3637=CARTESIAN_POINT('',(102.,5.19178834484405,-50.5491266481837));
#3638=CARTESIAN_POINT('',(104.,5.19178834484405,-50.5491266481837));
#3639=CARTESIAN_POINT('Origin',(102.,10.5357900761135,-55.7669073410124));
#3640=CARTESIAN_POINT('',(104.,6.03318654846537,-49.8078678768808));
#3641=CARTESIAN_POINT('Origin',(104.,4.47119026395207,-49.9196542416937));
#3642=CARTESIAN_POINT('',(104.,4.71454362786358,-50.8450061990539));
#3643=CARTESIAN_POINT('Origin',(104.,4.47119026395207,-49.9196542416937));
#3644=CARTESIAN_POINT('',(102.,4.71454362786358,-50.8450061990539));
#3645=CARTESIAN_POINT('',(104.,4.71454362786358,-50.8450061990539));
#3646=CARTESIAN_POINT('Origin',(102.,4.47119026395207,-49.9196542416937));
#3647=CARTESIAN_POINT('Origin',(104.,4.23344626895452,-49.0156319278635));
#3648=CARTESIAN_POINT('',(104.,3.46425980588102,-47.287506620524));
#3649=CARTESIAN_POINT('Origin',(104.,4.23344626895452,-49.0156319278635));
#3650=CARTESIAN_POINT('',(102.,3.46425980588102,-47.287506620524));
#3651=CARTESIAN_POINT('',(104.,3.46425980588102,-47.287506620524));
#3652=CARTESIAN_POINT('Origin',(102.,4.23344626895452,-49.0156319278635));
#3653=CARTESIAN_POINT('Origin',(104.,4.23364235237165,-49.0155446380451));
#3654=CARTESIAN_POINT('',(104.,3.2746268487807,-47.3850986387201));
#3655=CARTESIAN_POINT('Origin',(104.,4.23364235237165,-49.0155446380451));
#3656=CARTESIAN_POINT('',(102.,3.2746268487807,-47.3850986387201));
#3657=CARTESIAN_POINT('',(104.,3.2746268487807,-47.3850986387201));
#3658=CARTESIAN_POINT('Origin',(102.,4.23364235237165,-49.0155446380451));
#3659=CARTESIAN_POINT('Origin',(104.,6.03318654846537,-49.8078678768808));
#3660=CARTESIAN_POINT('',(104.,-9.00923288607195,-36.5965130246824));
#3661=CARTESIAN_POINT('',(102.,1.85857864376269,-46.1414213562373));
#3662=CARTESIAN_POINT('Origin',(104.,10.5357900761135,-55.7669073410124));
#3663=CARTESIAN_POINT('',(104.,6.19790770002927,-49.6869101079929));
#3664=CARTESIAN_POINT('Origin',(104.,10.5357900761135,-55.7669073410124));
#3665=CARTESIAN_POINT('',(102.,6.19790770002927,-49.6869101079929));
#3666=CARTESIAN_POINT('',(104.,6.19790770002927,-49.6869101079929));
#3667=CARTESIAN_POINT('Origin',(102.,10.5357900761135,-55.7669073410124));
#3668=CARTESIAN_POINT('Origin',(104.,3.46538319560351,-47.287006885815));
#3669=CARTESIAN_POINT('',(104.,3.46538319560351,-47.287006885815));
#3670=CARTESIAN_POINT('',(104.,-10.2272830664673,-35.2611041613101));
#3671=CARTESIAN_POINT('',(102.,3.46538319560351,-47.287006885815));
#3672=CARTESIAN_POINT('',(104.,3.46538319560351,-47.287006885815));
#3673=CARTESIAN_POINT('',(102.,7.51679732921446,-50.8452556107146));
#3674=CARTESIAN_POINT('Origin',(104.,4.23364235237165,-49.0155446380451));
#3675=CARTESIAN_POINT('',(104.,4.32354660300469,-47.1261050072125));
#3676=CARTESIAN_POINT('Origin',(104.,4.23364235237165,-49.0155446380451));
#3677=CARTESIAN_POINT('',(102.,4.32354660300469,-47.1261050072125));
#3678=CARTESIAN_POINT('',(104.,4.32354660300469,-47.1261050072125));
#3679=CARTESIAN_POINT('Origin',(102.,4.23364235237165,-49.0155446380451));
#3680=CARTESIAN_POINT('Origin',(104.,4.14177640654745,-50.9462115146609));
#3681=CARTESIAN_POINT('',(104.,5.92595164886399,-47.5634651692672));
#3682=CARTESIAN_POINT('Origin',(104.,4.14177640654745,-50.9462115146609));
#3683=CARTESIAN_POINT('',(102.,5.92595164886399,-47.5634651692672));
#3684=CARTESIAN_POINT('',(104.,5.92595164886399,-47.5634651692672));
#3685=CARTESIAN_POINT('Origin',(102.,4.14177640654745,-50.9462115146609));
#3686=CARTESIAN_POINT('Origin',(104.,8.93479915704097,-43.6927137433214));
#3687=CARTESIAN_POINT('',(104.,8.51297612512083,-48.5771733100151));
#3688=CARTESIAN_POINT('Origin',(104.,8.93479915704097,-43.6927137433214));
#3689=CARTESIAN_POINT('',(102.,8.51297612512083,-48.5771733100151));
#3690=CARTESIAN_POINT('',(104.,8.51297612512083,-48.5771733100151));
#3691=CARTESIAN_POINT('Origin',(102.,8.93479915704097,-43.6927137433214));
#3692=CARTESIAN_POINT('Origin',(104.,10.5359861595306,-55.7668200511941));
#3693=CARTESIAN_POINT('',(104.,8.51269272583948,-48.5772530584295));
#3694=CARTESIAN_POINT('Origin',(104.,10.5359861595306,-55.7668200511941));
#3695=CARTESIAN_POINT('',(102.,8.51269272583948,-48.5772530584295));
#3696=CARTESIAN_POINT('',(104.,8.51269272583948,-48.5772530584295));
#3697=CARTESIAN_POINT('Origin',(102.,10.5359861595306,-55.7668200511941));
#3698=CARTESIAN_POINT('Origin',(104.,8.93460307362384,-43.6928010331398));
#3699=CARTESIAN_POINT('',(104.,8.5127800417037,-48.5772605998335));
#3700=CARTESIAN_POINT('Origin',(104.,8.93460307362384,-43.6928010331398));
#3701=CARTESIAN_POINT('',(102.,8.5127800417037,-48.5772605998335));
#3702=CARTESIAN_POINT('',(104.,8.5127800417037,-48.5772605998335));
#3703=CARTESIAN_POINT('Origin',(102.,8.93460307362384,-43.6928010331398));
#3704=CARTESIAN_POINT('Origin',(104.,10.5355147764106,-55.766057895119));
#3705=CARTESIAN_POINT('Origin',(104.,10.5355147764106,-55.766057895119));
#3706=CARTESIAN_POINT('Origin',(102.,10.5355147764106,-55.766057895119));
#3707=CARTESIAN_POINT('Origin',(104.,4.12180963793394,-51.3599753887528));
#3708=CARTESIAN_POINT('',(104.,4.34265705072828,-46.7222307407302));
#3709=CARTESIAN_POINT('',(104.,6.28796841307391,-47.2532485703627));
#3710=CARTESIAN_POINT('Origin',(104.,4.12180963793394,-51.3599753887528));
#3711=CARTESIAN_POINT('',(102.,4.34265705072828,-46.7222307407302));
#3712=CARTESIAN_POINT('',(104.,4.34265705072828,-46.7222307407302));
#3713=CARTESIAN_POINT('',(102.,6.28796841307391,-47.2532485703627));
#3714=CARTESIAN_POINT('Origin',(102.,4.12180963793394,-51.3599753887528));
#3715=CARTESIAN_POINT('',(104.,6.28796841307391,-47.2532485703627));
#3716=CARTESIAN_POINT('Origin',(104.,4.23344626895447,-49.0156319278635));
#3717=CARTESIAN_POINT('',(104.,3.13682732779335,-46.9984450505795));
#3718=CARTESIAN_POINT('Origin',(104.,4.23344626895447,-49.0156319278635));
#3719=CARTESIAN_POINT('',(102.,3.13682732779335,-46.9984450505795));
#3720=CARTESIAN_POINT('',(104.,3.13682732779335,-46.9984450505795));
#3721=CARTESIAN_POINT('Origin',(102.,4.23344626895447,-49.0156319278635));
#3722=CARTESIAN_POINT('Origin',(104.,2.,-46.));
#3723=CARTESIAN_POINT('',(104.,2.,-46.));
#3724=CARTESIAN_POINT('',(104.,-10.959974664269,-34.6176007184026));
#3725=CARTESIAN_POINT('',(102.,2.,-46.));
#3726=CARTESIAN_POINT('',(104.,2.,-46.));
#3727=CARTESIAN_POINT('',(102.,7.51679732921446,-50.8452556107146));
#3728=CARTESIAN_POINT('Origin',(104.,1.94534328626255,-46.0867646424999));
#3729=CARTESIAN_POINT('',(104.,1.85857864376269,-46.1414213562373));
#3730=CARTESIAN_POINT('Origin',(104.,1.94534328626255,-46.0867646424999));
#3731=CARTESIAN_POINT('',(102.,1.85857864376269,-46.1414213562373));
#3732=CARTESIAN_POINT('',(104.,1.85857864376269,-46.1414213562373));
#3733=CARTESIAN_POINT('Origin',(102.,1.94534328626255,-46.0867646424999));
#3734=CARTESIAN_POINT('Origin',(104.,2.95765626545752,-47.1067118491338));
#3735=CARTESIAN_POINT('',(104.,2.95765626545752,-47.1067118491338));
#3736=CARTESIAN_POINT('',(104.,-10.5469980275759,-35.2459350108089));
#3737=CARTESIAN_POINT('',(102.,2.95765626545752,-47.1067118491338));
#3738=CARTESIAN_POINT('',(104.,2.95765626545752,-47.1067118491338));
#3739=CARTESIAN_POINT('',(102.,1.85857864376269,-46.1414213562373));
#3740=CARTESIAN_POINT('Origin',(104.,4.23344626895447,-49.0156319278635));
#3741=CARTESIAN_POINT('',(104.,4.8167605779955,-51.2362985883211));
#3742=CARTESIAN_POINT('Origin',(104.,4.23344626895447,-49.0156319278635));
#3743=CARTESIAN_POINT('',(102.,4.8167605779955,-51.2362985883211));
#3744=CARTESIAN_POINT('',(104.,4.8167605779955,-51.2362985883211));
#3745=CARTESIAN_POINT('Origin',(102.,4.23344626895447,-49.0156319278635));
#3746=CARTESIAN_POINT('Origin',(104.,4.52103851539804,-50.1104902290995));
#3747=CARTESIAN_POINT('',(104.,5.3970347605767,-50.8769930525992));
#3748=CARTESIAN_POINT('Origin',(104.,4.52103851539804,-50.1104902290995));
#3749=CARTESIAN_POINT('',(102.,5.3970347605767,-50.8769930525992));
#3750=CARTESIAN_POINT('',(104.,5.3970347605767,-50.8769930525992));
#3751=CARTESIAN_POINT('Origin',(102.,4.52103851539804,-50.1104902290995));
#3752=CARTESIAN_POINT('Origin',(104.,11.8845288670023,-57.2112577470284));
#3753=CARTESIAN_POINT('',(104.,6.31566606182147,-50.0559620817835));
#3754=CARTESIAN_POINT('Origin',(104.,11.8845288670023,-57.2112577470284));
#3755=CARTESIAN_POINT('',(102.,6.31566606182147,-50.0559620817835));
#3756=CARTESIAN_POINT('',(104.,6.31566606182147,-50.0559620817835));
#3757=CARTESIAN_POINT('Origin',(102.,11.8845288670023,-57.2112577470284));
#3758=CARTESIAN_POINT('Origin',(104.,7.38509433714325,-50.9952123463926));
#3759=CARTESIAN_POINT('',(104.,7.38509433714325,-50.9952123463926));
#3760=CARTESIAN_POINT('',(104.,-8.33327899173301,-37.1901852594383));
#3761=CARTESIAN_POINT('',(102.,7.38509433714325,-50.9952123463926));
#3762=CARTESIAN_POINT('',(104.,7.38509433714325,-50.9952123463926));
#3763=CARTESIAN_POINT('',(102.,1.85857864376269,-46.1414213562373));
#3764=CARTESIAN_POINT('Origin',(104.,6.38534855912426,-50.9726650775291));
#3765=CARTESIAN_POINT('',(104.,6.38534855912426,-50.9726650775291));
#3766=CARTESIAN_POINT('',(104.,2.57471319132996,-50.8867238091911));
#3767=CARTESIAN_POINT('',(102.,6.38534855912426,-50.9726650775291));
#3768=CARTESIAN_POINT('',(104.,6.38534855912426,-50.9726650775291));
#3769=CARTESIAN_POINT('',(102.,7.38509433714325,-50.9952123463926));
#3770=CARTESIAN_POINT('Origin',(104.,6.38083910535155,-51.1726142331329));
#3771=CARTESIAN_POINT('',(104.,6.38083910535155,-51.1726142331329));
#3772=CARTESIAN_POINT('',(104.,7.00105492047022,-23.6722483849045));
#3773=CARTESIAN_POINT('',(102.,6.38083910535155,-51.1726142331329));
#3774=CARTESIAN_POINT('',(104.,6.38083910535155,-51.1726142331329));
#3775=CARTESIAN_POINT('',(102.,6.38534855912426,-50.9726650775291));
#3776=CARTESIAN_POINT('Origin',(104.,7.77408224317225,-51.2040360488699));
#3777=CARTESIAN_POINT('',(104.,7.77408224317225,-51.2040360488699));
#3778=CARTESIAN_POINT('',(104.,3.26682530646635,-51.1023838726632));
#3779=CARTESIAN_POINT('',(102.,7.77408224317225,-51.2040360488699));
#3780=CARTESIAN_POINT('',(104.,7.77408224317225,-51.2040360488699));
#3781=CARTESIAN_POINT('',(102.,6.38083910535155,-51.1726142331329));
#3782=CARTESIAN_POINT('Origin',(104.,7.56309255899414,-49.8265030638713));
#3783=CARTESIAN_POINT('',(104.,7.56309255899414,-49.8265030638713));
#3784=CARTESIAN_POINT('',(104.,3.44873500585154,-22.9642265331023));
#3785=CARTESIAN_POINT('',(102.,7.56309255899414,-49.8265030638713));
#3786=CARTESIAN_POINT('',(104.,7.56309255899414,-49.8265030638713));
#3787=CARTESIAN_POINT('',(102.,7.77408224317225,-51.2040360488699));
#3788=CARTESIAN_POINT('Origin',(104.,7.36539802191737,-49.8567829253307));
#3789=CARTESIAN_POINT('',(104.,7.36539802191737,-49.8567829253307));
#3790=CARTESIAN_POINT('',(104.,7.79705656410129,-49.7906679934344));
#3791=CARTESIAN_POINT('',(102.,7.36539802191737,-49.8567829253307));
#3792=CARTESIAN_POINT('',(104.,7.36539802191737,-49.8567829253307));
#3793=CARTESIAN_POINT('',(102.,7.56309255899414,-49.8265030638713));
#3794=CARTESIAN_POINT('Origin',(104.,7.51679732921446,-50.8452556107146));
#3795=CARTESIAN_POINT('',(104.,7.51679732921446,-50.8452556107146));
#3796=CARTESIAN_POINT('',(104.,3.32674012242653,-23.4887427372531));
#3797=CARTESIAN_POINT('',(102.,7.51679732921446,-50.8452556107146));
#3798=CARTESIAN_POINT('',(104.,7.51679732921446,-50.8452556107146));
#3799=CARTESIAN_POINT('',(102.,7.36539802191737,-49.8567829253307));
#3800=CARTESIAN_POINT('Origin',(104.,6.47776460032837,-49.9327009419593));
#3801=CARTESIAN_POINT('',(104.,6.47776460032837,-49.9327009419593));
#3802=CARTESIAN_POINT('',(104.,-8.72109236410484,-36.5839511893823));
#3803=CARTESIAN_POINT('',(102.,6.47776460032837,-49.9327009419593));
#3804=CARTESIAN_POINT('',(104.,6.47776460032837,-49.9327009419593));
#3805=CARTESIAN_POINT('',(102.,7.51679732921446,-50.8452556107146));
#3806=CARTESIAN_POINT('Origin',(104.,11.8845288670023,-57.2112577470284));
#3807=CARTESIAN_POINT('',(104.,9.42864162454896,-48.483193422543));
#3808=CARTESIAN_POINT('Origin',(104.,11.8845288670023,-57.2112577470284));
#3809=CARTESIAN_POINT('',(102.,9.42864162454896,-48.483193422543));
#3810=CARTESIAN_POINT('',(104.,9.42864162454896,-48.483193422543));
#3811=CARTESIAN_POINT('Origin',(102.,11.8845288670023,-57.2112577470284));
#3812=CARTESIAN_POINT('Origin',(104.,9.93977161316858,-42.5531807636414));
#3813=CARTESIAN_POINT('Origin',(104.,9.93977161316858,-42.5531807636414));
#3814=CARTESIAN_POINT('Origin',(102.,9.93977161316858,-42.5531807636414));
#3815=CARTESIAN_POINT('Origin',(102.,5.63571999802193,-48.6479258277978));
#3816=CARTESIAN_POINT('Origin',(104.,0.,4.));
#3817=CARTESIAN_POINT('Origin',(104.,0.,4.));
#3818=CARTESIAN_POINT('',(104.,0.,4.));
#3819=CARTESIAN_POINT('',(104.,0.,-74.));
#3820=CARTESIAN_POINT('',(104.,0.,4.));
#3821=CARTESIAN_POINT('',(104.,0.,-74.));
#3822=CARTESIAN_POINT('',(104.,0.,4.));
#3823=CARTESIAN_POINT('',(104.,8.,-9.00000000000002));
#3824=CARTESIAN_POINT('',(104.,8.,-10.));
#3825=CARTESIAN_POINT('',(104.,7.99999999999999,-2.50000000000001));
#3826=CARTESIAN_POINT('',(104.,3.,-10.));
#3827=CARTESIAN_POINT('',(104.,4.00000000000001,-10.));
#3828=CARTESIAN_POINT('',(104.,3.,-13.));
#3829=CARTESIAN_POINT('',(104.,3.,-3.00000000000001));
#3830=CARTESIAN_POINT('',(104.,2.,-13.));
#3831=CARTESIAN_POINT('',(104.,1.5,-13.));
#3832=CARTESIAN_POINT('',(104.,2.,-9.00000000000002));
#3833=CARTESIAN_POINT('',(104.,2.,-4.50000000000001));
#3834=CARTESIAN_POINT('',(104.,1.,-9.00000000000002));
#3835=CARTESIAN_POINT('',(104.,6.,-32.));
#3836=CARTESIAN_POINT('',(104.,6.00000000000001,-34.));
#3837=CARTESIAN_POINT('',(104.,5.99999999999997,-14.));
#3838=CARTESIAN_POINT('',(104.,5.00000000000001,-34.));
#3839=CARTESIAN_POINT('',(104.,2.99999999999992,-34.));
#3840=CARTESIAN_POINT('',(104.,5.,-32.));
#3841=CARTESIAN_POINT('',(104.,4.99999999999999,-15.));
#3842=CARTESIAN_POINT('',(104.,2.,-32.));
#3843=CARTESIAN_POINT('',(104.,2.5,-32.));
#3844=CARTESIAN_POINT('',(104.,2.,-31.));
#3845=CARTESIAN_POINT('',(104.,2.,-14.));
#3846=CARTESIAN_POINT('',(104.,8.,-31.));
#3847=CARTESIAN_POINT('',(104.,1.,-31.));
#3848=CARTESIAN_POINT('',(104.,8.,-35.));
#3849=CARTESIAN_POINT('',(104.,8.,-13.5));
#3850=CARTESIAN_POINT('',(104.,7.,-35.));
#3851=CARTESIAN_POINT('',(104.,4.,-35.));
#3852=CARTESIAN_POINT('',(104.,7.,-32.));
#3853=CARTESIAN_POINT('',(104.,7.,-15.5));
#3854=CARTESIAN_POINT('',(104.,3.5,-32.));
#3855=CARTESIAN_POINT('',(104.,2.,-30.));
#3856=CARTESIAN_POINT('',(104.,2.,-29.));
#3857=CARTESIAN_POINT('',(104.,2.,-13.));
#3858=CARTESIAN_POINT('',(104.,8.,-29.));
#3859=CARTESIAN_POINT('',(104.,1.,-29.));
#3860=CARTESIAN_POINT('',(104.,8.,-30.));
#3861=CARTESIAN_POINT('',(104.,8.,-12.5));
#3862=CARTESIAN_POINT('',(104.,4.,-30.));
#3863=CARTESIAN_POINT('',(104.,2.,-5.));
#3864=CARTESIAN_POINT('',(104.,2.,-4.00000000000001));
#3865=CARTESIAN_POINT('',(104.,2.,-0.5));
#3866=CARTESIAN_POINT('',(104.,8.00000000000004,-5.50000000000002));
#3867=CARTESIAN_POINT('',(104.,0.117647058823528,-3.52941176470589));
#3868=CARTESIAN_POINT('',(104.,8.00000000000004,-6.50000000000001));
#3869=CARTESIAN_POINT('',(104.,8.00000000000004,-0.750000000000006));
#3870=CARTESIAN_POINT('',(104.,2.,-8.00000000000002));
#3871=CARTESIAN_POINT('',(104.,5.47058823529414,-7.13235294117649));
#3872=CARTESIAN_POINT('',(104.,2.,-7.00000000000002));
#3873=CARTESIAN_POINT('',(104.,2.,-2.00000000000001));
#3874=CARTESIAN_POINT('',(104.,4.76470588235294,-6.30882352941178));
#3875=CARTESIAN_POINT('',(104.,2.35294117647059,-6.91176470588237));
#3876=CARTESIAN_POINT('',(104.,4.76470588235294,-5.69117647058824));
#3877=CARTESIAN_POINT('',(104.,4.76470588235294,-1.15441176470589));
#3878=CARTESIAN_POINT('',(104.,1.38235294117647,-4.84558823529412));
#3879=CARTESIAN_POINT('',(104.,6.,-15.));
#3880=CARTESIAN_POINT('',(104.,6.,-17.));
#3881=CARTESIAN_POINT('',(104.,6.,-5.50000000000001));
#3882=CARTESIAN_POINT('',(104.,5.,-17.));
#3883=CARTESIAN_POINT('',(104.,2.99999999999995,-17.));
#3884=CARTESIAN_POINT('',(104.,5.,-15.));
#3885=CARTESIAN_POINT('',(104.,4.99999999999999,-6.50000000000001));
#3886=CARTESIAN_POINT('',(104.,2.,-15.));
#3887=CARTESIAN_POINT('',(104.,2.5,-15.));
#3888=CARTESIAN_POINT('',(104.,2.,-14.));
#3889=CARTESIAN_POINT('',(104.,2.,-5.50000000000001));
#3890=CARTESIAN_POINT('',(104.,8.,-14.));
#3891=CARTESIAN_POINT('',(104.,1.,-14.));
#3892=CARTESIAN_POINT('',(104.,8.,-18.));
#3893=CARTESIAN_POINT('',(104.,8.,-5.00000000000001));
#3894=CARTESIAN_POINT('',(104.,7.,-18.));
#3895=CARTESIAN_POINT('',(104.,4.,-18.));
#3896=CARTESIAN_POINT('',(104.,7.,-15.));
#3897=CARTESIAN_POINT('',(104.,7.,-7.00000000000001));
#3898=CARTESIAN_POINT('',(104.,3.49999999999998,-15.));
#3899=CARTESIAN_POINT('',(104.,4.4,-40.));
#3900=CARTESIAN_POINT('',(104.,4.4,-37.));
#3901=CARTESIAN_POINT('',(104.,4.39999999999999,-18.));
#3902=CARTESIAN_POINT('',(104.,3.2,-37.));
#3903=CARTESIAN_POINT('',(104.,2.2,-37.));
#3904=CARTESIAN_POINT('',(104.,3.2,-40.));
#3905=CARTESIAN_POINT('',(104.,3.2,-16.5));
#3906=CARTESIAN_POINT('',(104.,2.,-40.));
#3907=CARTESIAN_POINT('',(104.,1.6,-40.));
#3908=CARTESIAN_POINT('',(104.,2.,-36.));
#3909=CARTESIAN_POINT('',(104.,2.,-18.));
#3910=CARTESIAN_POINT('',(104.,8.,-36.));
#3911=CARTESIAN_POINT('',(104.,1.,-36.));
#3912=CARTESIAN_POINT('',(104.,8.,-40.));
#3913=CARTESIAN_POINT('',(104.,8.,-16.));
#3914=CARTESIAN_POINT('',(104.,6.8,-40.));
#3915=CARTESIAN_POINT('',(104.,4.,-40.));
#3916=CARTESIAN_POINT('',(104.,6.8,-37.));
#3917=CARTESIAN_POINT('',(104.,6.8,-18.));
#3918=CARTESIAN_POINT('',(104.,5.6,-37.));
#3919=CARTESIAN_POINT('',(104.,3.4,-37.));
#3920=CARTESIAN_POINT('',(104.,5.6,-40.));
#3921=CARTESIAN_POINT('',(104.,5.6,-16.5));
#3922=CARTESIAN_POINT('',(104.,2.8,-40.));
#3923=CARTESIAN_POINT('',(104.,8.,-24.));
#3924=CARTESIAN_POINT('',(104.,8.,-25.));
#3925=CARTESIAN_POINT('',(104.,7.99999999999998,-10.));
#3926=CARTESIAN_POINT('',(104.,3.,-25.));
#3927=CARTESIAN_POINT('',(104.,4.00000000000003,-25.));
#3928=CARTESIAN_POINT('',(104.,3.,-28.));
#3929=CARTESIAN_POINT('',(104.,2.99999999999999,-10.5));
#3930=CARTESIAN_POINT('',(104.,2.,-28.));
#3931=CARTESIAN_POINT('',(104.,1.5,-28.));
#3932=CARTESIAN_POINT('',(104.,2.,-24.));
#3933=CARTESIAN_POINT('',(104.,2.,-12.));
#3934=CARTESIAN_POINT('',(104.,1.,-24.));
#3935=CARTESIAN_POINT('',(104.,4.5,-2.00000000000002));
#3936=CARTESIAN_POINT('',(104.,4.5,-3.88578058618805E-15));
#3937=CARTESIAN_POINT('',(104.,4.5,0.999999999999989));
#3938=CARTESIAN_POINT('',(104.,2.,-1.11022302462516E-15));
#3939=CARTESIAN_POINT('',(104.,2.25,-1.11022302462516E-15));
#3940=CARTESIAN_POINT('',(104.,2.,0.999999999999995));
#3941=CARTESIAN_POINT('',(104.,2.,2.));
#3942=CARTESIAN_POINT('',(104.,8.,0.999999999999995));
#3943=CARTESIAN_POINT('',(104.,1.,0.999999999999995));
#3944=CARTESIAN_POINT('',(104.,8.,-4.44089209850063E-15));
#3945=CARTESIAN_POINT('',(104.,8.,2.5));
#3946=CARTESIAN_POINT('',(104.,5.5,-4.44089209850063E-15));
#3947=CARTESIAN_POINT('',(104.,4.,-2.22044604925031E-15));
#3948=CARTESIAN_POINT('',(104.,5.5,-2.00000000000002));
#3949=CARTESIAN_POINT('',(104.,5.5,2.));
#3950=CARTESIAN_POINT('',(104.,8.,-2.00000000000002));
#3951=CARTESIAN_POINT('',(104.,2.75,-2.00000000000003));
#3952=CARTESIAN_POINT('',(104.,8.,-3.00000000000002));
#3953=CARTESIAN_POINT('',(104.,8.,0.99999999999999));
#3954=CARTESIAN_POINT('',(104.,2.,-3.00000000000002));
#3955=CARTESIAN_POINT('',(104.,4.,-3.00000000000002));
#3956=CARTESIAN_POINT('',(104.,2.,-2.00000000000003));
#3957=CARTESIAN_POINT('',(104.,2.,0.49999999999999));
#3958=CARTESIAN_POINT('',(104.,1.,-2.00000000000003));
#3959=CARTESIAN_POINT('Origin',(104.,8.,-9.00000000000002));
#3960=CARTESIAN_POINT('',(102.,8.,-9.00000000000002));
#3961=CARTESIAN_POINT('',(104.,8.,-9.00000000000002));
#3962=CARTESIAN_POINT('',(102.,8.,-10.));
#3963=CARTESIAN_POINT('',(102.,8.,-10.));
#3964=CARTESIAN_POINT('',(104.,8.,-10.));
#3965=CARTESIAN_POINT('Origin',(104.,2.,-9.00000000000002));
#3966=CARTESIAN_POINT('',(102.,2.,-9.00000000000002));
#3967=CARTESIAN_POINT('',(104.,2.,-9.00000000000002));
#3968=CARTESIAN_POINT('',(102.,8.,-9.00000000000002));
#3969=CARTESIAN_POINT('Origin',(104.,2.,-13.));
#3970=CARTESIAN_POINT('',(102.,2.,-13.));
#3971=CARTESIAN_POINT('',(104.,2.,-13.));
#3972=CARTESIAN_POINT('',(102.,2.,-1.11022302462516E-15));
#3973=CARTESIAN_POINT('Origin',(104.,3.,-13.));
#3974=CARTESIAN_POINT('',(102.,3.,-13.));
#3975=CARTESIAN_POINT('',(104.,3.,-13.));
#3976=CARTESIAN_POINT('',(102.,2.,-13.));
#3977=CARTESIAN_POINT('Origin',(104.,3.,-10.));
#3978=CARTESIAN_POINT('',(102.,3.,-10.));
#3979=CARTESIAN_POINT('',(104.,3.,-10.));
#3980=CARTESIAN_POINT('',(102.,3.,-13.));
#3981=CARTESIAN_POINT('Origin',(104.,8.,-10.));
#3982=CARTESIAN_POINT('',(102.,3.,-10.));
#3983=CARTESIAN_POINT('Origin',(102.,5.,-11.));
#3984=CARTESIAN_POINT('Origin',(104.,6.,-32.));
#3985=CARTESIAN_POINT('',(102.,6.,-32.));
#3986=CARTESIAN_POINT('',(104.,6.,-32.));
#3987=CARTESIAN_POINT('',(102.,6.00000000000001,-34.));
#3988=CARTESIAN_POINT('',(102.,6.00000000000001,-34.));
#3989=CARTESIAN_POINT('',(104.,6.00000000000001,-34.));
#3990=CARTESIAN_POINT('Origin',(104.,7.,-32.));
#3991=CARTESIAN_POINT('',(102.,7.,-32.));
#3992=CARTESIAN_POINT('',(104.,7.,-32.));
#3993=CARTESIAN_POINT('',(102.,6.,-32.));
#3994=CARTESIAN_POINT('Origin',(104.,7.,-35.));
#3995=CARTESIAN_POINT('',(102.,7.,-35.));
#3996=CARTESIAN_POINT('',(104.,7.,-35.));
#3997=CARTESIAN_POINT('',(102.,7.,-32.));
#3998=CARTESIAN_POINT('Origin',(104.,8.,-35.));
#3999=CARTESIAN_POINT('',(102.,8.,-35.));
#4000=CARTESIAN_POINT('',(104.,8.,-35.));
#4001=CARTESIAN_POINT('',(102.,7.,-35.));
#4002=CARTESIAN_POINT('Origin',(104.,8.,-31.));
#4003=CARTESIAN_POINT('',(102.,8.,-31.));
#4004=CARTESIAN_POINT('',(104.,8.,-31.));
#4005=CARTESIAN_POINT('',(102.,8.,-35.));
#4006=CARTESIAN_POINT('Origin',(104.,2.,-31.));
#4007=CARTESIAN_POINT('',(102.,2.,-31.));
#4008=CARTESIAN_POINT('',(104.,2.,-31.));
#4009=CARTESIAN_POINT('',(102.,8.,-31.));
#4010=CARTESIAN_POINT('Origin',(104.,2.,-32.));
#4011=CARTESIAN_POINT('',(102.,2.,-32.));
#4012=CARTESIAN_POINT('',(104.,2.,-32.));
#4013=CARTESIAN_POINT('',(102.,2.,-1.11022302462516E-15));
#4014=CARTESIAN_POINT('Origin',(104.,5.,-32.));
#4015=CARTESIAN_POINT('',(102.,5.,-32.));
#4016=CARTESIAN_POINT('',(104.,5.,-32.));
#4017=CARTESIAN_POINT('',(102.,2.,-32.));
#4018=CARTESIAN_POINT('Origin',(104.,5.00000000000001,-34.));
#4019=CARTESIAN_POINT('',(102.,5.00000000000001,-34.));
#4020=CARTESIAN_POINT('',(104.,5.00000000000001,-34.));
#4021=CARTESIAN_POINT('',(102.,5.,-32.));
#4022=CARTESIAN_POINT('Origin',(104.,6.00000000000001,-34.));
#4023=CARTESIAN_POINT('',(102.,5.00000000000001,-34.));
#4024=CARTESIAN_POINT('Origin',(102.,5.,-33.));
#4025=CARTESIAN_POINT('Origin',(104.,2.,-30.));
#4026=CARTESIAN_POINT('',(102.,2.,-30.));
#4027=CARTESIAN_POINT('',(104.,2.,-30.));
#4028=CARTESIAN_POINT('',(102.,2.,-29.));
#4029=CARTESIAN_POINT('',(102.,2.,-1.11022302462516E-15));
#4030=CARTESIAN_POINT('',(104.,2.,-29.));
#4031=CARTESIAN_POINT('Origin',(104.,8.,-30.));
#4032=CARTESIAN_POINT('',(102.,8.,-30.));
#4033=CARTESIAN_POINT('',(104.,8.,-30.));
#4034=CARTESIAN_POINT('',(102.,2.,-30.));
#4035=CARTESIAN_POINT('Origin',(104.,8.,-29.));
#4036=CARTESIAN_POINT('',(102.,8.,-29.));
#4037=CARTESIAN_POINT('',(104.,8.,-29.));
#4038=CARTESIAN_POINT('',(102.,8.,-30.));
#4039=CARTESIAN_POINT('Origin',(104.,2.,-29.));
#4040=CARTESIAN_POINT('',(102.,8.,-29.));
#4041=CARTESIAN_POINT('Origin',(102.,5.,-29.5));
#4042=CARTESIAN_POINT('Origin',(104.,5.32095532878004,-6.50000000000002));
#4043=CARTESIAN_POINT('',(104.,5.32095532878004,-6.50000000000002));
#4044=CARTESIAN_POINT('',(104.,6.82095532878004,-6.10000000000002));
#4045=CARTESIAN_POINT('',(104.,4.14416082883086,-6.81381186665314));
#4046=CARTESIAN_POINT('',(102.,5.32095532878004,-6.50000000000002));
#4047=CARTESIAN_POINT('',(104.,5.32095532878004,-6.50000000000002));
#4048=CARTESIAN_POINT('',(102.,6.82095532878004,-6.10000000000002));
#4049=CARTESIAN_POINT('',(102.,6.82095532878004,-6.10000000000002));
#4050=CARTESIAN_POINT('',(104.,6.82095532878004,-6.10000000000002));
#4051=CARTESIAN_POINT('Origin',(104.,5.32095532878004,-5.50000000000002));
#4052=CARTESIAN_POINT('',(104.,5.32095532878004,-5.50000000000002));
#4053=CARTESIAN_POINT('',(104.,5.32095532878004,-0.750000000000008));
#4054=CARTESIAN_POINT('',(102.,5.32095532878004,-5.50000000000002));
#4055=CARTESIAN_POINT('',(104.,5.32095532878004,-5.50000000000002));
#4056=CARTESIAN_POINT('',(102.,5.32095532878004,-6.50000000000002));
#4057=CARTESIAN_POINT('Origin',(104.,6.82095532878004,-5.90000000000002));
#4058=CARTESIAN_POINT('',(104.,6.82095532878004,-5.90000000000002));
#4059=CARTESIAN_POINT('',(104.,2.40453427281425,-4.72228771840914));
#4060=CARTESIAN_POINT('',(102.,6.82095532878004,-5.90000000000002));
#4061=CARTESIAN_POINT('',(104.,6.82095532878004,-5.90000000000002));
#4062=CARTESIAN_POINT('',(102.,5.32095532878004,-5.50000000000002));
#4063=CARTESIAN_POINT('Origin',(104.,6.82095532878004,-6.10000000000002));
#4064=CARTESIAN_POINT('',(104.,6.82095532878004,-1.05000000000001));
#4065=CARTESIAN_POINT('',(102.,6.82095532878004,-5.90000000000002));
#4066=CARTESIAN_POINT('Origin',(104.,2.,-5.));
#4067=CARTESIAN_POINT('',(102.,2.,-5.));
#4068=CARTESIAN_POINT('',(104.,2.,-5.));
#4069=CARTESIAN_POINT('',(102.,2.,-4.00000000000001));
#4070=CARTESIAN_POINT('',(102.,2.,-1.11022302462516E-15));
#4071=CARTESIAN_POINT('',(104.,2.,-4.00000000000001));
#4072=CARTESIAN_POINT('Origin',(104.,4.76470588235294,-5.69117647058824));
#4073=CARTESIAN_POINT('',(102.,4.76470588235294,-5.69117647058824));
#4074=CARTESIAN_POINT('',(104.,4.76470588235294,-5.69117647058824));
#4075=CARTESIAN_POINT('',(102.,2.,-5.));
#4076=CARTESIAN_POINT('Origin',(104.,4.76470588235294,-6.30882352941178));
#4077=CARTESIAN_POINT('',(102.,4.76470588235294,-6.30882352941178));
#4078=CARTESIAN_POINT('',(104.,4.76470588235294,-6.30882352941178));
#4079=CARTESIAN_POINT('',(102.,4.76470588235294,-5.69117647058824));
#4080=CARTESIAN_POINT('Origin',(104.,2.,-7.00000000000002));
#4081=CARTESIAN_POINT('',(102.,2.,-7.00000000000002));
#4082=CARTESIAN_POINT('',(104.,2.,-7.00000000000002));
#4083=CARTESIAN_POINT('',(102.,4.76470588235294,-6.30882352941178));
#4084=CARTESIAN_POINT('Origin',(104.,2.,-8.00000000000002));
#4085=CARTESIAN_POINT('',(102.,2.,-8.00000000000002));
#4086=CARTESIAN_POINT('',(104.,2.,-8.00000000000002));
#4087=CARTESIAN_POINT('',(102.,2.,-1.11022302462516E-15));
#4088=CARTESIAN_POINT('Origin',(104.,8.00000000000004,-6.50000000000001));
#4089=CARTESIAN_POINT('',(102.,8.00000000000004,-6.50000000000001));
#4090=CARTESIAN_POINT('',(104.,8.00000000000004,-6.50000000000001));
#4091=CARTESIAN_POINT('',(102.,2.,-8.00000000000002));
#4092=CARTESIAN_POINT('Origin',(104.,8.00000000000004,-5.50000000000002));
#4093=CARTESIAN_POINT('',(102.,8.00000000000004,-5.50000000000002));
#4094=CARTESIAN_POINT('',(104.,8.00000000000004,-5.50000000000002));
#4095=CARTESIAN_POINT('',(102.,8.00000000000004,-6.50000000000001));
#4096=CARTESIAN_POINT('Origin',(104.,2.,-4.));
#4097=CARTESIAN_POINT('',(102.,8.00000000000004,-5.50000000000002));
#4098=CARTESIAN_POINT('Origin',(102.,5.00000000000002,-6.00000000000001));
#4099=CARTESIAN_POINT('Origin',(104.,6.,-15.));
#4100=CARTESIAN_POINT('',(102.,6.,-15.));
#4101=CARTESIAN_POINT('',(104.,6.,-15.));
#4102=CARTESIAN_POINT('',(102.,6.,-17.));
#4103=CARTESIAN_POINT('',(102.,6.,-17.));
#4104=CARTESIAN_POINT('',(104.,6.,-17.));
#4105=CARTESIAN_POINT('Origin',(104.,7.,-15.));
#4106=CARTESIAN_POINT('',(102.,7.,-15.));
#4107=CARTESIAN_POINT('',(104.,7.,-15.));
#4108=CARTESIAN_POINT('',(102.,6.,-15.));
#4109=CARTESIAN_POINT('Origin',(104.,7.,-18.));
#4110=CARTESIAN_POINT('',(102.,7.,-18.));
#4111=CARTESIAN_POINT('',(104.,7.,-18.));
#4112=CARTESIAN_POINT('',(102.,7.,-15.));
#4113=CARTESIAN_POINT('Origin',(104.,8.,-18.));
#4114=CARTESIAN_POINT('',(102.,8.,-18.));
#4115=CARTESIAN_POINT('',(104.,8.,-18.));
#4116=CARTESIAN_POINT('',(102.,7.,-18.));
#4117=CARTESIAN_POINT('Origin',(104.,8.,-14.));
#4118=CARTESIAN_POINT('',(102.,8.,-14.));
#4119=CARTESIAN_POINT('',(104.,8.,-14.));
#4120=CARTESIAN_POINT('',(102.,8.,-18.));
#4121=CARTESIAN_POINT('Origin',(104.,2.,-14.));
#4122=CARTESIAN_POINT('',(102.,2.,-14.));
#4123=CARTESIAN_POINT('',(104.,2.,-14.));
#4124=CARTESIAN_POINT('',(102.,8.,-14.));
#4125=CARTESIAN_POINT('Origin',(104.,2.,-15.));
#4126=CARTESIAN_POINT('',(102.,2.,-15.));
#4127=CARTESIAN_POINT('',(104.,2.,-15.));
#4128=CARTESIAN_POINT('',(102.,2.,-1.11022302462516E-15));
#4129=CARTESIAN_POINT('Origin',(104.,5.,-15.));
#4130=CARTESIAN_POINT('',(102.,5.,-15.));
#4131=CARTESIAN_POINT('',(104.,5.,-15.));
#4132=CARTESIAN_POINT('',(102.,2.,-15.));
#4133=CARTESIAN_POINT('Origin',(104.,5.,-17.));
#4134=CARTESIAN_POINT('',(102.,5.,-17.));
#4135=CARTESIAN_POINT('',(104.,5.,-17.));
#4136=CARTESIAN_POINT('',(102.,5.,-15.));
#4137=CARTESIAN_POINT('Origin',(104.,6.,-17.));
#4138=CARTESIAN_POINT('',(102.,5.,-17.));
#4139=CARTESIAN_POINT('Origin',(102.,5.,-16.));
#4140=CARTESIAN_POINT('Origin',(104.,4.4,-40.));
#4141=CARTESIAN_POINT('',(102.,4.4,-40.));
#4142=CARTESIAN_POINT('',(104.,4.4,-40.));
#4143=CARTESIAN_POINT('',(102.,4.4,-37.));
#4144=CARTESIAN_POINT('',(102.,4.4,-37.));
#4145=CARTESIAN_POINT('',(104.,4.4,-37.));
#4146=CARTESIAN_POINT('Origin',(104.,5.6,-40.));
#4147=CARTESIAN_POINT('',(102.,5.6,-40.));
#4148=CARTESIAN_POINT('',(104.,5.6,-40.));
#4149=CARTESIAN_POINT('',(102.,4.4,-40.));
#4150=CARTESIAN_POINT('Origin',(104.,5.6,-37.));
#4151=CARTESIAN_POINT('',(102.,5.6,-37.));
#4152=CARTESIAN_POINT('',(104.,5.6,-37.));
#4153=CARTESIAN_POINT('',(102.,5.6,-40.));
#4154=CARTESIAN_POINT('Origin',(104.,6.8,-37.));
#4155=CARTESIAN_POINT('',(102.,6.8,-37.));
#4156=CARTESIAN_POINT('',(104.,6.8,-37.));
#4157=CARTESIAN_POINT('',(102.,5.6,-37.));
#4158=CARTESIAN_POINT('Origin',(104.,6.8,-40.));
#4159=CARTESIAN_POINT('',(102.,6.8,-40.));
#4160=CARTESIAN_POINT('',(104.,6.8,-40.));
#4161=CARTESIAN_POINT('',(102.,6.8,-37.));
#4162=CARTESIAN_POINT('Origin',(104.,8.,-40.));
#4163=CARTESIAN_POINT('',(102.,8.,-40.));
#4164=CARTESIAN_POINT('',(104.,8.,-40.));
#4165=CARTESIAN_POINT('',(102.,6.8,-40.));
#4166=CARTESIAN_POINT('Origin',(104.,8.,-36.));
#4167=CARTESIAN_POINT('',(102.,8.,-36.));
#4168=CARTESIAN_POINT('',(104.,8.,-36.));
#4169=CARTESIAN_POINT('',(102.,8.,-40.));
#4170=CARTESIAN_POINT('Origin',(104.,2.,-36.));
#4171=CARTESIAN_POINT('',(102.,2.,-36.));
#4172=CARTESIAN_POINT('',(104.,2.,-36.));
#4173=CARTESIAN_POINT('',(102.,8.,-36.));
#4174=CARTESIAN_POINT('Origin',(104.,2.,-40.));
#4175=CARTESIAN_POINT('',(102.,2.,-40.));
#4176=CARTESIAN_POINT('',(104.,2.,-40.));
#4177=CARTESIAN_POINT('',(102.,2.,-1.11022302462516E-15));
#4178=CARTESIAN_POINT('Origin',(104.,3.2,-40.));
#4179=CARTESIAN_POINT('',(102.,3.2,-40.));
#4180=CARTESIAN_POINT('',(104.,3.2,-40.));
#4181=CARTESIAN_POINT('',(102.,2.,-40.));
#4182=CARTESIAN_POINT('Origin',(104.,3.2,-37.));
#4183=CARTESIAN_POINT('',(102.,3.2,-37.));
#4184=CARTESIAN_POINT('',(104.,3.2,-37.));
#4185=CARTESIAN_POINT('',(102.,3.2,-40.));
#4186=CARTESIAN_POINT('Origin',(104.,4.4,-37.));
#4187=CARTESIAN_POINT('',(102.,3.2,-37.));
#4188=CARTESIAN_POINT('Origin',(102.,5.,-38.));
#4189=CARTESIAN_POINT('Origin',(104.,8.,-24.));
#4190=CARTESIAN_POINT('',(102.,8.,-24.));
#4191=CARTESIAN_POINT('',(104.,8.,-24.));
#4192=CARTESIAN_POINT('',(102.,8.,-25.));
#4193=CARTESIAN_POINT('',(102.,8.,-25.));
#4194=CARTESIAN_POINT('',(104.,8.,-25.));
#4195=CARTESIAN_POINT('Origin',(104.,2.,-24.));
#4196=CARTESIAN_POINT('',(102.,2.,-24.));
#4197=CARTESIAN_POINT('',(104.,2.,-24.));
#4198=CARTESIAN_POINT('',(102.,8.,-24.));
#4199=CARTESIAN_POINT('Origin',(104.,2.,-28.));
#4200=CARTESIAN_POINT('',(102.,2.,-28.));
#4201=CARTESIAN_POINT('',(104.,2.,-28.));
#4202=CARTESIAN_POINT('',(102.,2.,-1.11022302462516E-15));
#4203=CARTESIAN_POINT('Origin',(104.,3.,-28.));
#4204=CARTESIAN_POINT('',(102.,3.,-28.));
#4205=CARTESIAN_POINT('',(104.,3.,-28.));
#4206=CARTESIAN_POINT('',(102.,2.,-28.));
#4207=CARTESIAN_POINT('Origin',(104.,3.,-25.));
#4208=CARTESIAN_POINT('',(102.,3.,-25.));
#4209=CARTESIAN_POINT('',(104.,3.,-25.));
#4210=CARTESIAN_POINT('',(102.,3.,-28.));
#4211=CARTESIAN_POINT('Origin',(104.,8.,-25.));
#4212=CARTESIAN_POINT('',(102.,3.,-25.));
#4213=CARTESIAN_POINT('Origin',(102.,5.,-26.));
#4214=CARTESIAN_POINT('Origin',(104.,4.5,-2.00000000000002));
#4215=CARTESIAN_POINT('',(102.,4.5,-2.00000000000002));
#4216=CARTESIAN_POINT('',(104.,4.5,-2.00000000000002));
#4217=CARTESIAN_POINT('',(102.,4.5,-3.43030447352132E-15));
#4218=CARTESIAN_POINT('',(102.,4.5,-2.11938728675238E-14));
#4219=CARTESIAN_POINT('',(104.,4.5,-3.88578058618805E-15));
#4220=CARTESIAN_POINT('Origin',(104.,2.,-2.00000000000003));
#4221=CARTESIAN_POINT('',(102.,2.,-2.00000000000003));
#4222=CARTESIAN_POINT('',(104.,2.,-2.00000000000003));
#4223=CARTESIAN_POINT('',(102.,8.,-2.00000000000002));
#4224=CARTESIAN_POINT('Origin',(104.,2.,-3.00000000000002));
#4225=CARTESIAN_POINT('',(102.,2.,-3.00000000000002));
#4226=CARTESIAN_POINT('',(104.,2.,-3.00000000000002));
#4227=CARTESIAN_POINT('',(102.,2.,-6.54746911958425E-16));
#4228=CARTESIAN_POINT('Origin',(104.,8.,-3.00000000000002));
#4229=CARTESIAN_POINT('',(102.,8.,-3.00000000000002));
#4230=CARTESIAN_POINT('',(104.,8.,-3.00000000000002));
#4231=CARTESIAN_POINT('',(102.,2.,-3.00000000000002));
#4232=CARTESIAN_POINT('Origin',(104.,8.,-2.00000000000002));
#4233=CARTESIAN_POINT('',(102.,8.,-2.00000000000002));
#4234=CARTESIAN_POINT('',(104.,8.,-2.00000000000002));
#4235=CARTESIAN_POINT('',(102.,8.,-3.00000000000002));
#4236=CARTESIAN_POINT('Origin',(104.,5.5,-2.00000000000002));
#4237=CARTESIAN_POINT('',(102.,5.5,-2.00000000000002));
#4238=CARTESIAN_POINT('',(104.,5.5,-2.00000000000002));
#4239=CARTESIAN_POINT('',(102.,8.,-2.00000000000002));
#4240=CARTESIAN_POINT('Origin',(104.,5.5,-4.44089209850063E-15));
#4241=CARTESIAN_POINT('',(102.,5.5,-3.9854159858339E-15));
#4242=CARTESIAN_POINT('',(104.,5.5,-4.44089209850063E-15));
#4243=CARTESIAN_POINT('',(102.,5.5,-2.00000000000002));
#4244=CARTESIAN_POINT('Origin',(104.,8.,-4.44089209850063E-15));
#4245=CARTESIAN_POINT('',(102.,8.,-3.9854159858339E-15));
#4246=CARTESIAN_POINT('',(104.,8.,-4.44089209850063E-15));
#4247=CARTESIAN_POINT('',(102.,2.,-6.54746911958425E-16));
#4248=CARTESIAN_POINT('Origin',(104.,8.,0.999999999999995));
#4249=CARTESIAN_POINT('',(102.,8.,0.999999999999996));
#4250=CARTESIAN_POINT('',(104.,8.,0.999999999999995));
#4251=CARTESIAN_POINT('',(102.,8.,-3.9854159858339E-15));
#4252=CARTESIAN_POINT('Origin',(104.,2.,0.999999999999995));
#4253=CARTESIAN_POINT('',(102.,2.,0.999999999999996));
#4254=CARTESIAN_POINT('',(104.,2.,0.999999999999995));
#4255=CARTESIAN_POINT('',(102.,8.,0.999999999999996));
#4256=CARTESIAN_POINT('Origin',(104.,2.,-1.11022302462516E-15));
#4257=CARTESIAN_POINT('',(102.,2.,-6.54746911958425E-16));
#4258=CARTESIAN_POINT('',(104.,2.,-1.11022302462516E-15));
#4259=CARTESIAN_POINT('',(102.,2.,0.999999999999996));
#4260=CARTESIAN_POINT('Origin',(104.,4.5,-2.4980018054066E-15));
#4261=CARTESIAN_POINT('',(102.,2.,-6.54746911958425E-16));
#4262=CARTESIAN_POINT('Origin',(102.,5.,-1.00000000000001));
#4263=CARTESIAN_POINT('Origin',(104.,0.,4.));
#4264=CARTESIAN_POINT('Origin',(100.,0.,0.));
#4265=CARTESIAN_POINT('',(0.,2.,0.));
#4266=CARTESIAN_POINT('',(100.,2.,0.));
#4267=CARTESIAN_POINT('',(0.,2.,0.));
#4268=CARTESIAN_POINT('',(0.,0.,0.));
#4269=CARTESIAN_POINT('',(100.,0.,0.));
#4270=CARTESIAN_POINT('Origin',(0.,0.,0.));
#4271=CARTESIAN_POINT('',(0.,2.,-70.));
#4272=CARTESIAN_POINT('',(-5.55111512312578E-15,2.,-70.));
#4273=CARTESIAN_POINT('',(-5.55111512312578E-15,0.,-70.));
#4274=CARTESIAN_POINT('Origin',(100.,0.,-70.));
#4275=CARTESIAN_POINT('',(100.,2.,-70.));
#4276=CARTESIAN_POINT('',(100.,2.,0.));
#4277=CARTESIAN_POINT('',(100.,0.,-70.));
#4278=CARTESIAN_POINT('Origin',(-5.55111512312578E-15,0.,-70.));
#4279=CARTESIAN_POINT('',(100.,2.,-70.));
#4280=CARTESIAN_POINT('Origin',(-3.99999999999999,0.,4.));
#4281=CARTESIAN_POINT('',(-3.99999999999999,0.,4.));
#4282=CARTESIAN_POINT('',(-3.99999999999999,0.,4.));
#4283=CARTESIAN_POINT('',(-3.99999999999999,0.,4.));
#4284=CARTESIAN_POINT('Origin',(-4.00000000000001,0.,-74.));
#4285=CARTESIAN_POINT('',(-4.00000000000001,0.,-74.));
#4286=CARTESIAN_POINT('',(-4.00000000000001,0.,-74.));
#4287=CARTESIAN_POINT('',(-4.00000000000001,0.,-74.));
#4288=CARTESIAN_POINT('Origin',(104.,0.,-74.));
#4289=CARTESIAN_POINT('',(104.,0.,-74.));
#4290=CARTESIAN_POINT('Origin',(104.,0.,4.));
#4291=CARTESIAN_POINT('Origin',(50.,2.,-35.));
#4292=CARTESIAN_POINT('Origin',(50.,0.,-35.));
#4293=UNCERTAINTY_MEASURE_WITH_UNIT(LENGTH_MEASURE(0.01),#4297,
'DISTANCE_ACCURACY_VALUE',
'Maximum model space distance between geometric entities at asserted c
onnectivities');
#4294=UNCERTAINTY_MEASURE_WITH_UNIT(LENGTH_MEASURE(0.01),#4297,
'DISTANCE_ACCURACY_VALUE',
'Maximum model space distance between geometric entities at asserted c
onnectivities');
#4295=(
GEOMETRIC_REPRESENTATION_CONTEXT(3)
GLOBAL_UNCERTAINTY_ASSIGNED_CONTEXT((#4293))
GLOBAL_UNIT_ASSIGNED_CONTEXT((#4297,#4299,#4300))
REPRESENTATION_CONTEXT('','3D')
);
#4296=(
GEOMETRIC_REPRESENTATION_CONTEXT(3)
GLOBAL_UNCERTAINTY_ASSIGNED_CONTEXT((#4294))
GLOBAL_UNIT_ASSIGNED_CONTEXT((#4297,#4299,#4300))
REPRESENTATION_CONTEXT('','3D')
);
#4297=(
LENGTH_UNIT()
NAMED_UNIT(*)
SI_UNIT(.MILLI.,.METRE.)
);
#4298=(
LENGTH_UNIT()
NAMED_UNIT(*)
SI_UNIT(.CENTI.,.METRE.)
);
#4299=(
NAMED_UNIT(*)
PLANE_ANGLE_UNIT()
SI_UNIT($,.RADIAN.)
);
#4300=(
NAMED_UNIT(*)
SI_UNIT($,.STERADIAN.)
SOLID_ANGLE_UNIT()
);
#4301=SHAPE_DEFINITION_REPRESENTATION(#4302,#4303);
#4302=PRODUCT_DEFINITION_SHAPE('',$,#4305);
#4303=SHAPE_REPRESENTATION('',(#2659),#4295);
#4304=PRODUCT_DEFINITION_CONTEXT('part definition',#4309,'design');
#4305=PRODUCT_DEFINITION('BasePlate','BasePlate',#4306,#4304);
#4306=PRODUCT_DEFINITION_FORMATION('',$,#4311);
#4307=PRODUCT_RELATED_PRODUCT_CATEGORY('BasePlate','BasePlate',(#4311));
#4308=APPLICATION_PROTOCOL_DEFINITION('international standard',
'automotive_design',2009,#4309);
#4309=APPLICATION_CONTEXT(
'Core Data for Automotive Mechanical Design Process');
#4310=PRODUCT_CONTEXT('part definition',#4309,'mechanical');
#4311=PRODUCT('BasePlate','BasePlate',$,(#4310));
#4312=PRESENTATION_STYLE_ASSIGNMENT((#4313));
#4313=SURFACE_STYLE_USAGE(.BOTH.,#4316);
#4314=SURFACE_STYLE_RENDERING_WITH_PROPERTIES($,#4320,(#4315));
#4315=SURFACE_STYLE_TRANSPARENT(0.);
#4316=SURFACE_SIDE_STYLE('',(#4317,#4314));
#4317=SURFACE_STYLE_FILL_AREA(#4318);
#4318=FILL_AREA_STYLE('',(#4319));
#4319=FILL_AREA_STYLE_COLOUR('',#4320);
#4320=COLOUR_RGB('',0.749019607843137,0.749019607843137,0.749019607843137);
ENDSEC;
END-ISO-10303-21;
